1JuMbz1ykQckp7guyEoS8AJzSrEJfsWdQx,262
1C6uYR2b5jX1ytETHeB4nGzaE3Qfqo8Aea,0
1LbjYTi2UokApBsVU9KrhAv1qShPWUu7iT,1
15sWmazd2EK86Am3tqUCxrsJUjcrc3ah2p,58
1Mj6Ewt75ikzEXF31G3BEEvbXsxjbZUm61,263
1KhyvFJ1eiheRzsf6EZ43bU9NmuvGxTRwi,264
16d7RwM1T2ryHDRcNrsurpYXTANJnaXhTH,265
1MPwZ29c6ZL8VEWdtpHJF3u7N5REUtVZDq,266
1NPHjPJhpTb2y4Wh8LoTMHzgARVL6DakXo,267
1MjjffQNJgH1SpnvjikRK7D4DdNWmZ4Wdz,5
188vbXSXnyZMkuAFka8bRqAeHK7FexLcoy,90
1Ee6aSfmZPcXCbZC4xWXmWGfhpxpM4WGvE,138
12QrQH958N8vBFt2qfr4RuLrXFehBC632Y,15
1CFZt4Qt6cStiCg2opVSWg7T2Vvu46sMPG,268
1KGucxu432zSG9rKL8sa1nkovgcgsLSN1T,147
1DwQGWp21ocVeS7v5eZxL2JK2YvboVcLtC,269
18jMMuDihEZZrJeNXC7bB2iKe4Ht5FGgFw,270
1EwLcxipDVLSsjZ5fN8oyZRrNYGUvAQkyB,116
17yrNu8S7QkMXnbGjCm8grTxAfYYen5WAT,10
1LL9WdDu9KPZJCFsinFG12Vq1kj9c1SNyo,271
1KSwzo9EZZ9qqPKgYspnXS16JmkxjSDTK8,272
1AfT2QBA12tM3Qs18xqQck18ZkCkaDKEa3,115
1LDPizUCGaLXuUoxuyxu29aniKozAb419n,273
1NuBa9BT7RMnvsa7kkj3Tu5NhZj9oYs8Np,11
1F3Ln6wLsygtyECkwr4d4FgTe4mE7op7ZQ,274
19Tt9tU95X96xpbdm4z9QpjkQDgDHkfXrE,252
1PacEgCXakbTwgRh2UgiQrbzXrvNF9h8i2,275
1ADxq5QKXa3F3gvY3SgA2NkS2iKdMjJPCt,276
1Cif2nmMy72BPYbRfY12ERYmfTysGGY2qT,128
1LSDxVEGBATAp1Z7s5p6jyRa1pa4gfEW2n,21
16ZBVXkR23cphvDUmJYB1hcvPymy9d2TwD,112
16STNk9zY2pieYnNpWUoRkbLCxjBbc4YCW,277
16Fgd4xnKf2jYQbW3fwoYhtU1o6J6a28Jx,278
1NK9ZMxD4FUaxjQ7fMVMshf7HhcFUdiXcw,28
1Fp7FtcnqySQm1fr7FLf9BQnKbdMRmGY1B,26
17b8kXBHmoqpFBMAobpQTVT858zETy8LCT,279
1NCJuKHsaD9oUtdu7SCrJ9fgdpxigDF5LS,252
14KATGkWi23mXH59C3ffQ8ZXnANEuFdXKx,252
17gfUvseEjp3aKwReMYUawYxsd25Wq6CjN,280
14719bzrTyMvEPcr7ouv9R8utncL9fKJyf,3
13rbiLAcUEnQr1fBBZxbbJzb35eNTojd6o,53
1ApwQ5xKcEmk6YtdoThbPhcxzgS4PjiSQw,281
1EVi6inX2vSfnzkGsD1ncUPZystDT3mfgS,33
14um4cZGSqNCG1MkR9dLq4t5rKEuvsGvn1,261
1dice9wcMu5hLF4g81u8nioL5mmSHTApw,3
18muCFZqXFYWukJsfw75QDmNpxczQLKpAC,37
1PiQmDin6sTTjDesMiPWh1iDW69EYtzKtF,39
13bX8FAcYhUgCn82m3mtajxhNb9JU2C73C,282
1DEG7ao4dReimsnTYXPBh3xDWDZiFF8Khw,283
16a2Gfv1V5HcxR8xTsY13KvibFG9Ztzrzo,256
1HtvbWq8UypkJHhKoN5od3mf54oX65DFCW,28
12Jf7NeiivJyNCzGCdwjsJTrFExNK9Sqbz,284
1JgByfds9ZrMbcnVKhMpVNjHkWBpwdZAgL,285
1FpouzAYStj8BuiYmuP52tsHdEBNcrSCTv,137
1Kgxua49JBeDvsGEfTLE8KubnJwtSzSgWn,29
1G18gikV6PQY4JhrjCuTif5jLzFg3cAVsH,286
14QP2pbGbpkJHfZU9Ub6xeGDCAwUSuvn73,42
122thku9xRuRLTr8vMxn3k4zfFC8198EY5,287
1DVWABqUMXPbuMjcPiyXWNEVykBAsvxfhD,252
173dNF8Y8QDMcsWZgz4PBdhSBtVBj6QsGu,288
1DU8nKhSpynU7MYLMa8gHrghPyzYxw5SSX,289
1A1EQvURZDTMbgFknuVakvGRMbQ9QwEF2r,290
1M8wLk6R3L4v6VnBhn1iB1hCdd9yNmrKCe,47
1JaxQ1iqqAt8mKxydyjFt7EGaZDhhmGtdh,291
1PKz1M36soWVakReVsMaJL4HWtyLWMtT7E,48
126ruVbWGb7d4dhbSuYGniioC3duW4Qz5P,292
1JasMFPKDKDHH3wNXZ7mqNjNBMDeSAoeGi,293
1MPerpQzTABa1K2eXQxsQTDSZtDQHWf6vk,3
19uuJTUqzwomVGPU1NgTZHEpBCpxRVi9Nc,137
17TaTgKrqWE4x6u6ykvCpKawhAuucra6Nt,294
1CqeSTdKvQEkdwcJgMNYmpADG23c2TFPf7,252
17NKcZNXqAbxWsTwB1UJHjc9mQG3yjGALA,3
1LaCS1VyE9xyS4hCEMshaWzkkk6DZeWsJT,252
1PM8xSpipcfnHtaKg8FqZRX9FF8tLsiViE,50
1NJS3hR83zPHeLN4MYLFxdZiQ3jTRkmLQ4,252
1J4yuJFqozxLWTvnExR4Xxe9W4B89kaukY,3
16fpQjxKzPjjBWg2SdTEqjkNaBXc3ochCn,295
18bs6L89AFfDBxWG3Xm8DNkVVMdQ7CDEAT,239
1Etg3VzUfbDxCJdxbrxgbYR69xfTjhiiZL,296
19g5YWMWuYRkjtt6ys5ak1tbVcgxmnkgu7,55
1PNcCmTuytemYZpq8uY1ySFzPgxht7EPxS,297
1GdhHXFr5yYM2yMEWzafwS1D5hQFj11AuK,298
18VfMR8Kdew8pWyyEngAkx5KK8iZ8hrby4,299
1EihVvvd5wzgM8jbtzf6f8KJxyHwFqNGTh,300
18sdC1EDwUpugyJmjk9bC3Gj2YZkVNhruc,33
196M9BNB7dsrtgQhKVMVvRLM94kSwGizJs,301
1H1X8VnjpPQdL1tj3JRme3x3G37TXZtr5h,302
1MH8bYakP3XvEPvj1VnFuoCsebLtUDZBAs,63
1Cv2AcqvvuZLEdoauGmuaV7LRYKqUWcqb,303
1AKpAmjh4EVy1nCYfuexs71hR58KY2cbiu,237
1EaEbjS63juemXvPKMPstKiyAtFPdN6im2,34
1PdQPrkzRivuAFHGHX5UeyW8X4bkwoggVZ,147
1BSxdWN3ifiXqXpdbdh9TUdzh6fBNwU4W7,304
1Fqq9yDJehNZnbe27pxDQGomB6mgyrgY13,305
1LatepT3S2hjqpSdkKUFGgRjv3VJDqz4up,306
1G42sA7eiDddzwANy2p329vbmRWBMV3osq,68
1MH1cNAbjpZAGE1CVJksbuXXSptSYJF1us,87
1dF2qWH1ViHhRiXreE3dqGpDFFHH78PhL,307
14rzKExTx9x7wHCXK1dE4P1rSUkX9jas3e,308
1DZ7338XmGWyGjVmBU1RaN3nT4Yp3yoNxR,309
14TUcZLraeBPrQ8BBdZcJtEmUhBmfR26qP,33
1LQr9MozntYu98QRkgoHdrzhwgyUzswn7p,310
1KEQSQHbrzxTQzwFLH8GLYvYX2FAq4ZVCy,311
18Cov9JCD4RzUqSc3JKLHJxTWq8gAKb2u2,312
1JB9JbPR2kiko1WAUnDfM3Ef2bPdorEVcW,235
19953Z1vnBonCn21ewynzTNhWmM21LVRuh,147
1A3jSR5z7p6nUFiqm8U52yDSGNAXUnme6T,75
1LWtHXZtcpAr7T2TtebrT5o8DtvnBuNcZC,76
17H8FnXwhG1cU44nnHK3zz6piqYsjK46uP,79
13D5M27PxYvABao8qDXxSGZ7ZBtRkeVR5K,144
16xcAutF29PkdX6FFj2FbT2rR6RrWrBDU4,313
1F6G2G5wKcfPULjJkU9JNDYUjbxtzsr9A9,314
1Ko4tj5LBW9WoyJj13EeJ8VJLEU3kawBWB,315
1LuqpGtKgcwBuDpcpaJCE1GLmiy8qm4ktr,316
167JirEmy2S4c3RqcPFHeSG9h1SDv6aY6f,317
1bonesF1NYidcd5veLqy1RZgF4mpYJWXZ,83
1BTBMUsV28zEgA44ZaeyDhXNXDhcWH2KKh,318
17iqmUZ8ZpFvSVTeyYqiyfLC52KgAfEAfD,319
16SwYEfp6pwUj4P3GcjXidjzmu1dx7qbWp,252
12zPoqx56E1XrVxZmEyUGpj4QYCHyQvhuo,320
1EKRd9vJSMoi1gSq6FvyKFDyYCmMAAxyqf,252
1Jb5Shc5yMvS22Sf5pkooi6evxvKFLdbjy,321
16t8qfjWV5oa6Jjfzqx2vXPCujpLMGhBvr,322
1MxWPbJQTMudsubCGStpXJLxs3C7TNRMLx,88
1HwwrhqHRDrEcGtrDBPXrtbvzqjcJpp6PQ,188
1EAFdtNiRffwvV733TbyVLn1rHxG3Zf8HM,323
18DCsotwKYQF9DmJxDH8dndogMXVwybTaR,147
1AMRrEsAvDTvHyyGBhzLjtTsjhLqGvLsUF,324
1NdTvCHjpWAn5xjeNvctt1N7ahj23o2GcP,325
1A42YEmmPi3QSTqvAfoxHPTFFzAMyZhjd2,326
1BMVADuqmimobhgBtCjmZ28sN1Aoxbawsw,97
1NGtFmbfF4ZhbSYEZHksL3yuJsr1e7HS1f,327
14SHjqznjzcRAee9VM76y6rgB67BSvRwfk,106
1PAMnNhQyUVRbZpDwuEhgkfe2eDEgDcHxb,40
1J32RqsDTQE4g1qtUBNttgKdeW9huw8wqn,115
1AjEk86YgDXnjweHAsnU68H4b1mw2UaTCo,252
19t7RxwXdfiwQMyQ3JVB16e9HgV7omijSs,328
18m65nrC6hYjBQuZZnr2L1QSgRESK99fmi,329
16uM3ENCAG7KCQiMqiSVQ5aQQqAybBsVDo,104
129yaKY3LMFoWZJskHrWCaNDcDxt2ZGDjh,330
14YixK4LK1u1WrqqnpQY5bhaaid3FuZ76B,331
1BLspBqaUYnLLKKich6gauJm94kG7CEnUu,332
169JFm7y7NXsaxvTRj5qPsKZ8dzKUu51ZQ,333
1M4GbgDt12Q4cz9C3LM7MgumTzGNqx27wh,334
16uqitxf7CTSMG6RPf2XQkxvF9VQ9dRt1f,114
1McaY1kBTVZMJsihJo2pU1BnYTAx3VGi39,335
1Ne2Pc7HaVpDkNRKozYWnzC9M3AZVeHd1P,147
1KJe2S6oKTajQrEvueetgMoLKfu5vsEsdx,336
1DQrmJFeNBwB416PnEVV1phbeKP3nNGddd,337
1FaY1GMNvtsXH6xLf2nCTocUk6boNibgn5,117
1HySc6ve8saCkWydxYoGXfV9qW64sec7xd,338
1BtTEtprgdh9vfkRfWwYnYvWzi9vWG35BN,339
1K8GrE4GGc3XUcjaEDfWssugiopC6Z7Jpw,252
141oeZwiQtkHrJC9GnBBc6Wuvx41jLz1ve,147
1PraTDn5f9e4HWSn4sNJGcKJTStp9jzryi,58
1P8uqHzuYbRgohuGgXxhvhwU8K4wC74Gje,64
1Bet3kPEgUDDzxL67rS8NtUrmFPW1GNcEQ,123
1A2XdjuxXJhTgThdwksa1WXWtgZQZeMXf1,340
1BFNKEkkoQjVyCKvFFDAAv3Dkd4FvGDzAL,125
143QFfNhbvT2ybEKnPCd3H1hNx5NkxWoio,341
1KQ52TRUKWVmMopMYMEEUqNnAWsVuVXpyK,342
16iiJdia4HZqtYn5KSmuW4PR4rFMKSMjgy,252
19WuzvJmHDCzDf4JwsQLWDe9xfg27yL7h9,252
13e5tSvytNX4GnZ4RmCNSoXqnC8dm7Fti8,343
1LSW4imFbHD4cD61x4NDW7neEgnDBpWsDX,344
1PCn7vFkrd5niB6n4SEWJwUgWNfVF8ZCAQ,345
1EQSBmPAp5RsRAc5X26eVUars4hXtJFBZL,346
1HcvT9YjhKUvoNNrsSPsZiyQNtWhPhqMAp,149
1AXpjpRbtXqWGfWKv1zke1UhYf3d4a3QqF,347
1Cvg3hpBz8Fd524rVuFWfPccNKWVcpGdEU,252
19gmdVRHF21CmJaD636CW4SnRdS3pEynfG,138
1HzfAzQJgsmwsPcaAuXUPhMFU8sHvUsyvs,348
1CZepay6R2nyKunU2rzsTdgXjC2dqTkgHa,141
1BoGCGWkK2u82GzR9UGMoxEacRPJo2ss5P,252
1G8BCGhDrjWjFGLAySeopWhxYFcJf1WicL,349
1KBRTwTr9nKBt985AW82UFuKgD19eAvsMD,350
1LJU4GnHSM4ovdLNfaz4CmsacuznJewDh3,351
187LEXnpXM3sBjYWYeZp9pMe2RpxrvAvRs,352
1LHHUdMjqjaqup2pgJnJjkZxgF7FAtpunq,252
12K8ahKWm8ReX9VK71DvfBn6npJZXqy1Ze,353
1Bf8mdFN7GoCW4uezncSbMBUvQ1c9DBvqC,354
15GJC9jX7G6bDjqTLY7Gos23ELgQSFeUjR,355
19nkA1zgqG9uRGFjguqDUk6YyB6kpWoX6L,356
1LGjwEn2b43QUfXKWSzTZbdnjd5TPV3ffj,148
1F6LExZupMXhHZPYczjU8FUGAF9RYzfvXB,357
138H2RmeM5bcLguYoZ11xR5PCksg4EEcnB,358
1bZkZ3QvccdLadQ6CzNP55YJ1kkVvaKd1,151
15rN9DdLE4ri5omoyLRXpFzTdW1ujrzw8z,28
19FBWUm2heoUuBjS7pjdHHem7xZ1pbHTeQ,359
1NT91ahEdGa71faxxYRtoaXPZvPJ38Ljb7,360
1N5ao1tcgiFDYoqiDpaCm6VEY6d1dfCRGt,252
1BgdvDZAiaKM4B879aetNKE3LzqTBvrQgM,361
1QGN3LzqPFPaqjMVMTrt737GYcuW262ANM,362
18uvwkMJsg9cxFEd1QDFgQpoeXWmmSnqSs,3
19SESVSqy4UQr57fZfX8hfXw5ZRFcJYhHS,363
1Dotq1qamJDuN5SDxMcjCtdvZHFpcwqp5J,142
1MreL6KQ8f25QdTPXfqPZWk13GgVVZyRBj,364
1dice8EMZmqKvrGE4Qc9bUFf9PX3xaYDp,3
1PSLmQdZ3jrLWxxuPPqgyEz8obcFHmBggZ,365
17qi94XK2Sq1P4YL6xD2gg9dgH6Z5mNtjx,366
1N15nYs1JD5JC3Gk89eKzzXULmfUgb5ja2,252
1A3fd5gSr4EjLEJ595UKvCigMKGdaY9Qbj,252
16uSZjDGcWQjoUKp4u41R9GjSEJApE3Y93,367
1GQDpZMgofsz3V3bjytbDEKBStCJEBqJjF,368
1PHRv2tVSwgBHbXJveXxRYt3H4p6NWSETA,369
153FQWJ2FzueyA3FzbDGmFfdtNYSLyh4o5,370
1M1ahutJA752J6GwHSPsVf1QwLAmWb3596,168
195nHne56scZkBh6trGtVz1t99zmbNFiWk,371
14AgAc4GWxeiHfQufJNmqzSu7VpSCBqTgJ,372
1CvL5Nx3AttnayJ4jH4dmbkzwPr2gyp792,252
17fpGFHpj6tyyCUxGJRBB6L7FZ2c3pWeJJ,373
1BXenD6j9BmCKqfDRM3ostZf3M1FE1Bunz,51
1LZB9T71zc4x8M9L2JQaWd77yKugSud66D,374
13r1VdEYzTWD3YzhEEbXmyynMyuW4MC5cA,375
1LAMChKPZ29V67ioi2hPd4J1h9cztswL7V,252
16TkMng9kQgN2uXVkD3Qrq75wAgLWtLDrF,376
1NyVvDMqWb9VGkyAnkYdFcH8aYHEprjzJt,377
18ZBKTbmogfU3Kr8SQDDne8Ghf9hRPXJMu,378
17GBehTrVbhWm7hWWPpXedHgPvLhfzrK73,379
1H3T3MSkSApYgTAvLJXFVUBQ5EV8hpYef8,380
1LahWgAT8yrTWsjWfS9D26CJjRojLzfZjK,381
15LU7BoiZFY9CsjMoW35NvKhCbiV9Lnepq,252
1NQTyBcq7UmtcdfKENESuqEUEKBr5QyRda,382
1EFvSU5ajeMxpyfBfeWLHMyhbxKnCykUMt,182
18XSLnBZ8ydMUkaifU6sQBMJzmm7JvDeUp,3
14G2zHHaFQEx6sfeocvGhDQA8UXQTMiP5U,120
17AND7PLgPrDr5tZJ3cboMfhvJ6EjXRJN7,184
1G9XzMxbNb75j6ARyG6K7GmweXu9T3J2tv,383
1FkYUikZnrf9sauByBJD7C8sU3ZKWjoCZ,6
1BngM2BiiUxQ5YckrfcqxST8mWQUwtsrkL,252
1J91WQnDFstndxRzeA1mMbJ77SMEQLhtbL,384
14KL8GkeWMRLKvwfk23HRiWvEfATTdBcJM,385
1LipExnU7c9vuWb5iVufTeQ4C9uo7kU5yA,252
18ThJjzeaB82DQiTUVkY3cKDsq2JHFxrfF,239
18KW18r8JiM5LPy8M2yR2kBuvff1YXcBpA,147
13dk9WmskDLjjypnZARcjW7VFuiHvJBsQ3,190
15ZY5nbr2SLtAP22La7323uTBEsM9XxfTZ,259
1Bv8t8kUvkazaSxgqi1hWCm38jm6ph9e6T,252
17CeVGCM9hafe2Koz8r4W1tu6HPVsBW6pw,188
12Bjwu7BgKWzWmjp2cSDQL1JRNEEi1zkV9,386
17ALS5UrQNj6a9jE33o4JqD64MusjuAaWN,387
1N1RZRWiHMQq2uACCeFfWtDfavaTSEf2qN,252
1CMN9ZB1oKAvxi2GqkG4wWnwDJEwWFBsTv,252
1AqYwAdvYKnYmUkUXdRuLjxZz2PA75kRsi,252
19VYQyRqhMejok72KjD6cajB6aajANXmN9,201
1LnWkUxaHhy26ytpba2jSg1GC3E6TFtbEi,252
1PAY3uFLCfvzMK6oJW9pDazmod6obtJCbb,388
1NsZgevF4rnx6k4GoZcMigzowmtRsDNwaK,389
1E17ddBZPzHjr6Yckq558vKkzGRR9zAh2H,147
1EnLYUk3di8oXVzxc1kykt2fFxRzD5b91Q,178
1L8YSZzAr6upCC9WkDuvwTi1CboRPYxxex,106
1BdsvZ2bizQQjCu5d7cG2Dz13AVUPZUC8W,390
1LQD8soh5cpEpuHL92NDM3AoPThWXAfguy,391
1twqYJYGLthFzo6tmZzwinX4A2D6psrts,110
1FP4xaKi7JYb7W3eHYpydiyqhNhzRDbtDx,392
1CwJJ27E66EUNqq5ooSG2C2GmWYvi5P8Gi,206
1FPBcx5nhc5n5b8FjXUVabka6bsw246E4w,147
12SRJqFK3bpHiRFhahkf37cqoh7rGv29kn,209
1hqFYC9d6fgYBpTbkURd2XgbXVxPQaz23,210
13CNkeQRDArT6YsdqJ7PfCSPceceBGEeYr,393
1FyYMXWiSdyzZ1DZsX11H5oJAXi4E2Kb4D,190
19H8j5S9r1jPJzNGD6DNbWHpCwcoKLTRWy,394
1CRFbfc717MfvZZ5YNkpy2ngvCukMBGRht,395
1PQ2Zdp96HByvLwbeezJuF7ZEuU2xvH5sn,25
16FFZgwCiJ7uzApaGKmQWSeauQuRNjJjVs,396
19eXZfNHqz2Gq5krWhZTuBb73tLbyLjizj,397
19sUtEnbHq2oV3wUHW72XrYEhuf5MTNe8z,398
1MoWZhXgMZsxuTMqxnM9dsy7SeqA8ZyxjM,218
1DDuEyxtyFfrwnTd5mwjrjtzXjoDdT77A5,399
17uCmcofMr96XBVjNWBBw6b9zeC2M1JZqj,51
18a4tBjXbMqedcLWcryvKnE843ujZsAQbr,220
1AfhpUsLGTSGnRS9AmKQkvTVsuAHcRXZmq,252
15CySGz7jAqYpGRhJujwo6DeNVxDvGQwTY,223
1FRjxkENhdy1pz68PzU3C8rRhPNeFYkPRi,147
1NCRDwLJWYF6oAi37L53pGHkBz2Bgx3w4C,400
1CrXQ2xbajAEsKZZ87BWT3LWRcWazE5VGL,401
1NBWFWCNhUsTM7maKNys4yvJKXNMdoZ6g,252
176zQGZFxLjeYG2GpTqtQvVzmYorgsgBY7,402
1GjzoU6V4Qx1mJb5YSP83ZiWaKWVQ2JUg2,403
1Ldq13AmYxJXL617aXpN8Uvft5gBnT53RY,203
163Y1DWJL1FSQUHELpZiZG4TTwRo6KNTfn,226
1AaNWTfiAzwDSE2Mpwws2faGDJSv5YY7PK,404
1D73YYDmPzszLfKjFgvrm2YSAHdYCgtqNQ,405
1NGHxmXzpc3cHaSefrBWWdYfhuLLbU22cB,261
1E9HFTvf5y8PTsSnF19Guz2BdGMJBPWmbR,406
1BkaVQCayCZ8aLkT4EUPdsfgtH72DXoeoD,252
1NmMEc251bGezhgGh3t6jMPxntXv39iCwT,230
1Af4zjVxQa2df5XyyybW7Pc6R16iYUoC6f,240
18yUfEToYcrz9btnjyBiiDHhmZ4rMSnJoG,407
1dice6YgEVBf88erBFra9BHf6ZMoyvG88,3
16MM8EDsHeN9Smhy9SWAs514JvJZi1gzaT,231
1QD9EaBNJuwSJndre4GdskGx4xiJhbFs7p,252
1AQmKe8i9aA52F9qE5BnE3eFvcbYkWnZQK,236
14zPt1GyKRdAALD2YDprR5ZkuL737Dgsun,408
1KrSucWMhz6mdc7p6vSFbmPfjMMT8BJ2fL,215
1WSv4LdFexSoXZ9oN34rLZ2phYdv7JMDE,409
19JcRAFWYtiFnNTJt12vqvHEkeYhcTkB2L,252
1HQ74zrhHaS4eFEt3ALy5b9wpQkvLdpfm4,120
1BWi6RYaad34y4zpPhqqR9vcio9pmboUdg,410
1Du6wtSdSeqg6covtNnywZ6udoEBiBaxr1,411
1PeohaRGaTF8cSzDqP1yYfzDah66xiriEQ,412
14X3PPusGTpaujKao3wxNpxzbEUXKUy8mZ,413
18rVi5ZnajJ5zYofR1jvBTwedfXpHVsB9A,242
199YGnncRepN8BGKtXqJZoV3Vocp2URJ4Q,414
1CgW4scXNXkScLbJ59XViHkzN26eYPa51S,191
1GKoBB9Dzh4hcqSjEtjWJ7S3PMzBhfywtY,249
1Lmk7bs8g45J3bJYDJUaHQy77FLFdsDyJ,415
1JtKxB6eJkyAZiiHuuuMf5AfaGJrYKmv9q,416
16gRDigmFXW3nTvaBMEZS7hwCfCa3NDN2y,417
14p2kA7shbobv85VjBU53u7tME14taxmcF,418
1Bet8sJN9rmeaZRBwnjPbCLV77TWY3PR3X,419
1GEbqXQCprnVA2vdsLmM2w5PmZWL1gsW8i,420
1Kf1WXpZqxBhWSmAEV4BBAAbHPZ3QZUcA5,421
1CdzhqmmBpt4eEizmw5wHpAoxo13Vjc4K4,422
15cjRMMNgY3N3EjeT7E4eZ9uwj6LGYApzG,165
1M91HRDuYfECtJTSS23aoLfefFNBEYDo2h,423
1CaNHx4vzpmPBv4a6U7pcKQF6R8U6JeLUy,424
18PMmnZLKLm6ay4veDCAfU7uSY16sThm91,425
1KiGGBtt3V2aehbA4JNWL6u85iYeHVqDcY,426
19PsSTAw6E2V85eDnC29nG7jZfVnEDASpj,427
1FGDU83XDWAAyhLwb5NUVoNENBnF7bVieP,428
1HxCHN8tVMUpqX1j3y9iR3bLgxKed6eB7k,429
1S86YgpSB75C5ADwXDJgkKrT4H7mYkbCh,430
17FetGHirTR2gEkuNqgmshy7DzGDLrWfb3,46
15k3JTQyss3cSKsKzSRqVKT9upaTFYix47,431
19riwS3S2peBzk82Hxn8JA3APm67kgghks,432
1MGgy2aoSQGTRmBLXm63q4mZpnK71vGoTi,4
1BTAihCHtNiKpPJ8HF1n5wksQZdXTukmCW,149
13TCMP1Ujtfo8rirrP7NHDyep7aM7AgLTg,433
1AwDKSh82z4ScwJHc3FVTfPy9z6ThJEh1L,434
1FZ1zZrtKNjXageswz8KyD2CWFSZUG1Vjg,9
1MY7VjATUzCv9zYFRf5mxg9Aywyb4Dfeqj,435
1BB48oj29RdkB81hPMbg4Rz2RXTfnyutCY,436
1ACw8LDshxKJFhXx8cXVpMfsfAUeyREs1P,437
1LE3KHdMMW7rbkPwyScm2d4SXBdmSuAZNz,252
1ByUhszxTCf9XxXPgsBdhH9J9F2Hgf2fyT,438
1Jj4kY9sK53QAPxSAEMocw6Rd48Bh35nCX,12
1DJPCcGy3nghjp96VpNDSL6HLpUyBHCC83,439
1BLSS7qzKCGGSj8T8u12Dk7kwNWGi6kfsQ,16
1BMptXhYq2hntBwagXjitYBiUVgD8Kd6hL,440
1E9ABpD4qrLEBwFYFAg4DqQXdU3kBLtcpA,441
1Ajk1q5uJ3zdWVLzMnV7CnUy1rQmHpkKxx,442
1LcEM7Zz5tDuZKonta58k5e84afCtHToM2,17
1bonesPdRYS91Mq9arbiUratHy2J5gDut,22
1HaVoV6YZduVKAGT78uvUd1KzubQMguMTE,443
1M8vqVADesq59X9dYUuUs7nYDY3AhpkQX9,137
1FTH74cqZfzUCrJA9ArSBLW5WPh3k6wzKX,147
191JQLAhRkWvE3Muap1VzghsDq968LsQv2,444
1LiMZBF9VPvtu6qJ678XRht19udrvTrzF6,445
15UsmBWtoUgKN248gqF9XBo4rqqVTB2Pi1,34
1Camii4WGJCuJPcdSfDR4WK3US9Fx4Ucuj,15
1DS2rvkT1YoHrmKdW5vaZ8cyDXiTwGsVQS,446
19cgPaZZEgWxk6hvHBQ64ywvbFidQWLQ4Y,447
15MDaqqRK9MLNPRJ2rX65k7GnfUFkiiitU,448
1HjDauL2kth6KJUz5vX198Nvp1xN1hgYRb,3
1DhZZAC2gXoibv7VrcwyMMgqEES6ZzBvCt,2
1M1NNCjKTSpUGfMWySa91e6BsbZSSHSCHJ,449
1974cB3eMPLAR2FreVUM48FB8994DzhZFX,207
14hMxzoB47k7CwBKqGHeNmu7tPCaAgycyK,450
16EX2c42Nmi9c8QivBRToikeFiaYCQSVTq,451
1dice7fUkz5h4z2wPc1wLMPWgB5mDwKDx,3
18FUuVWfxTn4HzPordY26dUHLet2DmfYZj,452
1Q1HrQgrjx8kHoLqeaootzYbkE47GKrvwH,252
1QHijBHUYWJvfT4ZuSviQbxLFvxLnM8Yy6,453
1PALeingrzL62MXT91hkJhJXTYch64fd9T,454
1A3P9G2ZisLAr6FpRdjjyHwL833ZcrTrPz,455
18dVLsqPpbGPsRKSeQN2omVxGZqyemEyNb,147
1K6FWjqjUwWB88UGrxuac5C7mZsHtjfdKY,252
1FL4Z9YQPmTVKtfhS6ikqYnfzGDnEorMzd,456
1BySjU57uCn3btWuR7vAKUfez8maKqoY1Y,457
1snPNbEULbK97hQR8v3omG3B2kPGmc7bT,458
17zYYPQawr95bSHPkG9K8xjfptQfEoWxJU,459
1766XPfac1z5oUBKv6bjN1qrBmujeCJEYG,43
164DvyHNyaRUDKWsHpGcsSNfJLaEjorC3o,460
1JVTDaoC3QZXxByq3wGkmu51GgjSgUqVde,461
1KSanK2YEQgo24PjZXegw1oXs2Js2CMh65,462
17yxyjGuNkGbLSTcWNAYgddGZyDBX8jXyR,463
1HZAxZUumKfNxEP58Rt1cK7Veo8rtQeeJv,464
1H3L5Kjga8GYXSLDnPYUjDuejX33xoWXXM,252
1MjonZQp7CC3wkJBKgWzYKYq3njxLandGR,465
1Bh31NuUNeQv98d9vbioSZA4jNaFs8ihGt,112
1NRWL1vr7L5C5Civ7G4Hu1m4SzGaHqb27R,466
1KDMJHXQxQJGsN5WyERnp8gBfCyfdQ8cWh,243
14v76tRPvgWL6mgnz5JWoWNeG4LJoLEEhy,467
1NQA9nLfzL4XZPqHEXeUid9uWM3k9JF3t8,468
1Ne9ZTaPf93ZXhnkeP663mVtXnTxLFS7A4,469
1769J4Ezsor9Pxx5jJCNufDWeA55kfDQn9,470
17QQtiL2YP21ZKbXrn8pFFCGywpweduoNq,471
1NZwsXWJ6YiYrAv6hsQNUU8Gnay5uNr7Db,472
1NSQ2LRAgabuvyxCMiQ6NEfsAvKjPLAAVp,25
12BNM988dCLD4gPSerpAyuCcSBmUBsJeNw,64
1BtDTxdjZ6ctEUQi8SgDygK8LAfjVwzZAP,473
1NvhxKeECW6Ycd1v8bQ9mDVUNFJtwgdhvo,474
1EUfV368hb2nW7HHw19ZAVg87P6zCnqRr2,475
1Jf6UWdvYDSUVmU95jHgFDt69kgi4L8bMH,54
1HRAxEhDiEr6RVfGRBxzTu6cygKg2qykvs,476
1CSWci4QhiRoyaxQVHmPrRhLKP7CLr5cot,477
15fXdTyFL1p53qQ8NkrjBqPUbPWvWmZ3G9,3
1smTEpTc33845qoS3yYgt7JnMZpP8KBph,478
1BkJw8jMPbee1iXsk5hegpL5EQrijqNq6X,479
1KTzJ2kYyAaiUfakuqZCL3tMGFEBSy6C1q,147
1M7R2iUn3Swo7d36qP8zfiyJcnoUkXHSXg,480
1MgikzsVuZL5DLnL3mgxuJXM3ZEf4Khxi1,481
1Gbr711wHigjysnNXQ3VnaSVgmexdXevMe,482
19BY3fF1LGXFh1ohCUJYWfYupdicdW4GNj,483
1Bet2yV8rPt7kE14AAbhYnxqw53uhCQd7T,61
1DWNrw614FSgeGRFYsE5FSVRkZrfa9MLGD,484
1dice9wVtrKZTBbAZqz1XiTmboYyvpD3t,3
1MCrbyEGnfuZJcjYWPizdBhfqPuy9vbJ2V,233
17tnCz7SVzS4LtfM2z3bc2Qudf6gRqhS5C,485
1ioTCQUQX3NpTheJaxMnK6uMFucDFH7xz,486
12BsaXgjVmeEs5adgAK1VyBtGNjgsheuFB,252
1M4W8CpnsdGT1BcCaQJKs2MKRhMkExmMGP,487
18jyydCjEdBjnUoic5qkgCAwE7nBPGVvC6,488
14ofv97iBEF6Xkf9kNMUtypbteCzE3buvq,69
1KHfUC5xBjG6EXxQJnXCY9WUCZhbPNmZZJ,147
181ggQhbeWEaybutUgqmSb5bUftP21QnRx,176
1LbKHk45gLNikuykKmvGeBJLuCL4WNewxk,489
1BGvverdEwprhwk1QMXo5D4dzM4vgezgDP,73
1KN9hDY6a17qUhNTybSnWPmYiibWy82xpk,74
12ZPZSEnXbrYVpGghwUpDua8Bq9zi9jcqd,77
18986koc3fJeDGTp6s1BEjgaNP5Hn4Toey,252
1NuGrGUaBxs2sU9mNCiSE8GU6aQrzbc7YZ,252
1xPa9jUh9VY8GDsZ8zK7JJbeEZcPLBktF,490
1oUmy7UtZnphPQAYCqmmPBAkT7mspTmgy,159
1Nznb9Szo3Vx9njDUU5eVgqEe8YqiV5Uwx,81
1DncwwYCS3TNE97HajjxNsb2BXQCpeNJek,252
1jZCJfYvbZ3RqBiBVAYKUhszo9tLvbLEU,491
14cTSBKE1pRoyEN7FuTZzhRowcAjTmzMgL,492
1CihdX7Rsqahj9EgJd7rWiZ9bz2cbnjnxZ,256
1NjEek5mMGwHHw6BPJPo7b1nBFverixMna,84
147a6bqvJFSwU3nifTZmN498oHDaQp79Yr,493
1AxPwR6mX3kWqMnd4p2PY2J4QPSeEXLwGj,494
18VhR4bWNGGH742VAdGUPx7Kt51vzsvvr2,495
1GWuN9x4t3qxL9EeTL92VXdUq8w3PuQfwr,496
12FYYfBbGxdtL3La2E9ZRGgnbaajMvGM4N,86
184Xaix7NjcpBDbLCPAMmMnZGdrCmgkxBi,497
16ghpBhd1Td7NHdNc4wK15iWtgX1yCFhM2,498
1Kk4eZjxy8YZU3sXqEeUNA2gpPWLYjChfk,252
1Kuo7ivx1yxhEWfLiZjbGifHJ5LZDBBDgJ,145
14i5HKksZH3mV1CyMBjSyNGfdKDUWuRvdL,92
12rGhWGrE79qe5TmYJD9LrwoV1SwSS8est,199
1GrLSwGGCAdqfr6kcJWZQVwWYdKGXD8BgV,33
16AfvMMHrvVCwMCuChYvcjqp5rdiwwuK1H,499
14tfiiryTtHToo5yxwJVfWvXf6hCR4pa5E,500
1CgixbqFjYUT1ZzhG9w3vEPC3ppZpLgr9v,501
1FPdudkUGyvS9hbTTNrcuEXcRT3Y78LX3q,96
1HpiNY9aNTsURFjQx7gH7svt6cs1pr4X89,252
1PCJ41zH9xJoXoT5HohhrTNWs7KxqqLR1p,502
1dice7W2AicHosf5EL3GFDUVga7TgtPFn,503
18Dc8dTvwGVvWTZZHmwe1TVhP8avF5FSUo,504
1Cie7WSkWcwpPAZHbSiMnoUHznig7FmG5x,93
1LDKfP3533f32kindeqBvM1jyymZw3fsQA,99
1LiU5KpWUsxo86TCmPi8MagLeTRiSdzM5v,505
17AnCaEd9uF8WrLgEzhyoxEcQNhJYg3avS,252
1JHJCbd3i1Na71YCC1oSSeTfVGu4oT6QBE,102
185XRDNrLdMiZiTzz9hAmtj5EfTKXm5NfY,32
1CcVYxfyFXZD65g4rmZZkBZYZWGa1QEwz7,506
1HbpaorPbcMbUnbnf6tnaieJCWtHbABEpf,252
1AGbnrUMQRXkqkd3VupJE7bC3D3Q9o9Cs,507
19X2Y6BJR5MrMeeEP726MqF43TcyaPGqzw,508
1NyHB9MW1vry3LGHthgQiYPVXSKbocGgd9,80
1BZSSdQkTG9svPxWuvqXkW6JhQdvcJtAy6,108
1CCZ3J9uLd12X6Sj4FKvZ3KhyWQf1WcuBQ,109
1LeH2RQR5NxFxtahSz5egrSGteRKzwh2r2,509
1AsVugV9mYRqrUS6kM1vA3hEsXjMVvEfa7,510
1DNENh8HB9fdqFUB1hHWkzLiakHFnBgFtu,511
1Po8TkVjM9N1NZ9cMSypMJh4CZ5G5YZLfL,512
1ELvWrdd2ESV9ApdWGznRb7jQno2X7x6zM,513
1L8oGnG7noogjcezqBPtJr5QkiYyxKo1oK,252
184NKPVGwxBCn1hAHaf2RKjXDcvLgB3fP1,514
18XVcaG8WxuJv9qtwUMVhnbrehX58GBGhY,119
1Gemk2fKb3hvgs4bi3hW3y8vCaJJrx42NC,44
12M5moiGftMBrxC5RaN2xEHCvpfY4z9SUj,147
1CVSFkykX2S6nFva72fkAwWXEEhRZ2VkBa,515
1Q9S3RrDNgTJdPB54odAtUeQqdaEFaui23,516
1PpQd3rwbsfQHWbM4PpvgyJtoiJWP6cb17,517
1DN3D8MWHJqh6HDYLGtitycZasmqHFd74J,200
1H8StG5Za3oXdB1cRC2WUGedTyZgvNqYsp,518
1MjoQRevjuYEEVJwnS4XKv8HFs57nUHAik,519
1BrQgKtPCQsqjAz1ye8ERt23YUpyMmSCZA,252
1GoJa3EEsgzhydUmtWsiUdyyWd4FUW6ptX,121
15pUwAhNc9TQJZa4BVBvp1gGtWLwAEeUci,520
14V785WSvZrt1eAMnDVjgvSXGMSk72U1wE,124
1dice97ECuByXAvqXpaYzSaQuPVvrtmz6,3
1LFRtBQY17dHoCqKwDDg5ETQ681Mqvx4ja,93
1KAeLLmTd3UbAFi1Jto6LEQgV6Xx4uxe5H,521
1GDsLJkniAqCCSrAkEVRTQare4VpfRMw9R,522
1PYmqjHf81KjcfyXfXZaXGfYyhdBMrqccY,523
17HmujB8u9mbZ9uq5ecKRYKLbiM1VJeCLZ,524
1AXrztNURpoPfSgTPUYSJaS878SSx4DGYm,33
1CCA5HfJVJ7hjzWZxMoBUHGzkpW2ZY7uR4,130
1HgFxVKHKcQr7Ai2YSzHAkZ1XcjGBRRwL2,113
1CET3NN5xWGZixW4qDa1s9WnTCPPa2rA6L,132
1CeDWYSmi84SBV7ncFJwxqPtS1cSDDGLy3,33
1JEdo6KHREXv8LrHmxHBTiuE21YaYWhc5i,525
18i3WRTzqVpicRQEA3jE6ZWjdwXcinsp1d,526
17tCFYoFN3agAeajjotaDcwLDpNDXwc8QE,527
19H5L7wQ3HMLPig87231sCuPSj7kVU49n1,28
1HUHwVAXzW5NdqY2PECRibvLDZ9eW2c45G,136
127wAy7ivUT4H8nnvEhKq6kjx6roYmhaiL,528
19mwMVzFKBpK5tC9Uj9dwvK9JSxo9zXkvG,139
12onA1v2f1N1aWMsCz4zLk8e34YW2r38oX,529
1975xXkTX1kVBdCdAom5yZAG2NFgFGtJfW,140
1L3CbnGxSFjTyvcxZ45AWbkLZKWqtivMH5,530
12Hh8ZrSgDe2hzKvZjMLZU2R2PGyUPFDJd,531
1CTXCfbeFT2E8L391VkJqeFRvJh8V7SLKx,147
19MjYtA1UJ71GD88u9vchb9iyKgnmhu2Wf,252
1KaHhsAhLu56iZwHpy4vm8xmgLsd4WnoA2,532
14m9SacAtxzeWMNQAXheSSciXrh4FRKdF4,533
1Bet8kSeHDWHByQzGVoWW2ZwDVkgtWYJxZ,534
1FVzWa5XdfmVcdZLu1RUevHzjQxsJmwSbH,535
15Dn1qXTUs4SFswyHX5Fwpjf8saZh897q1,536
1FvGN5PhkMUza4NgwQ26unsAXoRZ5nne5v,537
1Bet52kCyiritFn6rvmZKRrUSSpnY7HNWo,538
1NLJMwvtJMQpX7tXwqDu5ShQewYUB4j2tG,29
1Gh8xb8mL3Cka2hpUaoaJfVSXPbQztrJN8,150
1DNsBLhHTYYTyo3SRjscYoZi8YuUvXru1M,33
1BMfY3JTp29xdMUCZMbgnoFrrEd1PJ4gSb,539
1LotV4GDFdvu73DLuZJBJZavvmQAFsWLyy,540
1D49rPzbcuREUnYTAZErsALhVWo1UTQcfj,137
1441fgdT18wPRcfzyWio66z6xf6kkWNJRt,541
1Bm4aW5g9GLLbhM5Lz8NY6D6nQMwuyf5db,542
14tFFG2RZPUKG6susfrnJRRV3But1xZ31t,158
1E19s7XPeHBSzuxtDJ8eV3WGtdGu3nWXJv,543
19XAwi2T1BF1B7JYzda8qLrQi3k5LLecgm,59
12ziRu8WHCP1HiAs9Lft9ULGF3b7bENKQs,163
1KPqxLQ7sJbj7QUigao5WYfKS3DGpEjh23,252
1NMma4yjnh8CknMz8D7FY6j1qn9iTj3QvU,544
1je8LcL979TScxZP7ddjKTCxoMyCFwnng,212
1BtjxKEoEd1eVewkBZjWbv3iRvEpwE2WAf,545
12JCLRBETY3VyXkLv9h2izkGzv3FHpraPK,546
1EQpoU6zBHQQ47GFwzC6pWYyujr3STMmbv,547
17sV1guNRkXZ8SmMx4Zm1e3w9S2YChzm4a,167
17h5QUob9m69bX46NKAr71aSoRQRXPq3ow,103
1NWjUNd2T7BdCz1FuvvQyvKwXoznY7hLLq,59
124kM3Rzj6mP1fz8xD5vr8MtrbhT24U4m1,169
1GJKMBD4sew7kU5eDyG8QSVEbkghbr62bG,171
1CrXR7xHRLgN9d9CWXFKjL74XjamAaxahc,256
1LZhhyXN9PQMSTnknqfLE9oEZcBhqyVX8H,548
1uzS1KPD41d8nTrVD8QJo4sTyT8dduBxV,549
1dice6DPtUMBpWgv8i4pG8HMjXv9qDJWN,3
1DU22DX9A33n7vhM6kcDGVQtYmKv8fkjNY,173
199VkDdqtQcLcRdHwJQKdZh7CVHCKe7BBo,18
1CZQ9FJJeWTcLNhJCtJwNQuUK1KRwA7LHS,550
13YwSc8dHKQ6BNiHMQTEmWV1nqnxK4Vzsz,551
1DZYrmsHSgowasCQdFUsFehXZ7eCKWEwd3,252
1Ebok2SxPbtaj6bxY9dEBHKhepjFWetWPR,552
15pQUCUNTm3sNKEJ9wpNYy5vbuUw5d2k9v,180
1G9iUTESTnyGuT4ZkSgTEyReiD2uDDMy9s,553
1dice5wwEZT2u6ESAdUGG6MHgCpbQqZiy,3
18YTf56asBxNisBVxden2mLqHddrgWpEZg,252
1GoK6fv4tZKXFiWL9NuHiwcwsi8JAFiwGK,3
1DSAgtJiydYq1DWGpxmzmA2gjo4bob9kAH,554
1BeXrFyTekvo2cUVtTsF8hnZfxb9EDB14c,555
1K4m3zd3FQMopxXwveEhgHqZBQ6PtEnuv8,252
1A4NBfYMvpNPbQps8NTk8RnkWS1PMp7D1w,137
1CPz7PpzHNHSB7mL8y4Zb97Z186vAgEaiE,556
17nN4ahPb1JLu7RfDWpwwugR1GFrdCazdB,147
1BXXPygdgcvGBWxZNsSevPip3KpJJMeKWA,557
1HggR1aNRpw8hUC8fQQ9KpGETgUa6f9v6p,261
1PiitAt91HDzcidqWeFqtzURNaP47ZpLw1,162
1DBXQkbEFn71QreNEissaj55D4rMsUQRtW,147
13reuQrmzg9oNSLGw2K6DcdWtCmpasDVFN,187
13ZppXnGDpctozD2sG5axJq8utf2NPLLUj,252
12xtiL7SDDFcEwKXU4azH2pxLuYjgcWKuY,175
1DfpeyjTHMUXdXix87xQqcN25db854AuBY,558
1BfFPyYNZSvjYMvb9TcYmmrfj7R5Td58nJ,559
16uFoC4pQHS4kXtaGMjucv3ErKRKNF1qyu,252
1o9xvnmxKBx9C7nH4YiZoKPjD8x63v9Ba,252
16Z3F3ncWdggifgAVrywNu15jBQP9tV5FQ,560
18BNB3AnYdJKxoZEsgprhsR4VBG8nVFPZm,250
15R94BL64mk3uUycSmXYJBGvkf7KEmAioL,67
1GNmfiGpqvTj5EFrrWMsZvTgePHavRbid8,189
1HTUip9hgWVvHnhG76rj3asMxhUMH1vUk1,561
17BQThSsieYfsR1FUQqDHfYwB7NSVQMqXK,178
1AZ3YcgZrxq5TYGFYuz18hksdArAeDP9vr,195
1DRt5nemb8UhNS5qkvUUZMEUJTn5yHTZWj,562
19QYzZu57EXp8Wm2PeP3EegfqtAAy8UZao,563
18aJYXJFesUBTfw15JNbXbk5To2rtE1Ffk,564
1PizyetzJhJNbWW6eua6S1NSFpU51hQ7c4,147
1Mui9pghwDgvtRmDodrzvQMFpAPry1AEAe,565
1BAeffZ8QHUxjNJiNQsJzHKmX37nkPEHdB,566
14rLviCHdmNmYaxcTxFL1MeKU2GsYDznPC,567
1FGiWUi91vBJcgN4e5AKmW44A1qmuUn5S1,568
1Q2j8hWK6e5tjm5ftBcQysMovRRw6QGW9d,204
1BnXhdHcq1ZDhLYGcLj5f6WeC62j8BU8Ey,252
1HCHZdBmsWPqEMMCxigADjqw9GJwZ5JxUw,569
1KNqiQmhdR9hgshdk2ycr6boJPBAyaJSJZ,570
1H9SL7WFpn6FE6bTf6ovXUJgMMyEPuiV1y,208
1NMRfyQ23zo1f38vQkdXCJ2YSwu77hiPZW,571
1LPNxZDmjUs51H6pZTqGmqjg6BgYNoFW6L,572
12WF53scDjhWgWSrBvyjcPMnwyHyd2QJC1,573
1LMUNQHhYJysRGmVNZXbHZ7iJVSNsK6aVi,574
17hDeJ9MX46A4LRoMp8vuqDZYsgoc9QePw,575
1MeXacKKcBQ8JurtQB3UL8rGd9QxeuCZDf,214
17CSZfUaVCUwe6j594w5Ci5Q1WYL9fn9h,261
15eTxS2LLSUBxoG1jYFQpH55mGLFAMavYK,147
1A87GbrQjAKdyWFznGiy2MWnwqsq1Sboms,576
19sE3AFFZ7JFsnKYQQU1Hn7tBDk1EjuUVW,60
1Hg2XrfeJ53uyZ213heS3QGq8SyjsAomrg,212
1Fb3rPEVWFqCepH7q6pBXotko8G1Crd4V2,577
13tR2wuRpEGNLzPTxpe4jCxRwo1186XotG,578
15JsaD31N4FbCbwrgJqVEwJvHVXTd6kD6Y,33
18zasuxJpiBqo4n1mPNTQiy5FQgCHoQRDR,579
1Du99JPWX4xx4TwjvkRbTA3bZ9xC2xfX1k,580
1Jm87cmtqAwF6ynQPn1zUYhKZaXXuUuAPc,581
1DkRoLKTgN2Zv6mgMdW3wudSGShGH7B2DJ,147
1BYFGrLNAUiUD2QVamjTKMZM666RBxtUfB,582
1Dq4t9EScbo6TsrtySFKu7TP7px9WpUnhV,583
1djiozRkuWz9PNZJetWoqp4aPDEj75unM,584
1LMRqHoU73wYW8Ww8purYi69EWpTRmxjGC,585
19jk4U9QqrozMo92KXXpqSSy4SU96nFZC7,586
14ajzTW1uSFbvMKAj3h62avgHn8UGir67F,587
13Va1wNSsRXDMwrK1EgpL3LFy6HuPmkizB,229
135VJ3LUkNy4NbBfseFLXtb3DFo3zLSbAo,588
18owQ5TWY1aMczD4Wob4JQ9JR134co6rPn,589
1NRztcTS1LJR7XgT1T1De2AymGsBjQfNP4,232
1FkgbiY4TX3JkXeJ5fdStEpNJXAhTt7ABG,590
1Ft5ai2RagBo9qa7FsJ3vpt7xUDQALqhwX,591
1NMicWEUH1CUeawC6V1GEYi4RoTFmq7XeZ,592
1bonesUhqtbLAGKWZuawCzsYqmYWEgPwH,22
1DrFq7ZTuCprD2ESfGe2Rp6irttjWVJhBQ,593
1h3WxfRRqtsvwwCz8y838BbNRhnm1Jgee,594
1HbccmXaaxqRCVEXxi1f632sWQVHLm6TAE,252
1Q4ienc7ha9JoivGH95eenJ5gwuiabpaKv,595
15wvCvMchG2bfTVc9M3MofBU5F4ht4k3Ha,596
15Tay4zoF1TtCbRFboFcn64nWD5BsM2BEu,252
19sZgApdP2Z7Lj3ED7jTQcEMS9ydFnMSxh,597
1LDCoLDLdEYfoMJbms1RizK5JgjSyTdyr1,598
14akhJ2LJGiPSkt4jNXxxR4tipsgt4pBpQ,113
1KMRqdW3w1kfaMdEe3GVQMqe4SyLejDaJW,241
1HMVfaGaLj3HBE9R5JAbqXAXprCmNvdLGW,599
1MpMZgnjw4Mdk7P48TmXQVnshnWUQC5euM,600
17LfdDUGHDDhKy1AjLGFqt1jPPKDd846vV,137
14MyM3NUYUEE28s9sDCxu6Xy8EokWaB9bZ,255
1Kw561CgEaCMu69ic756aASxKFH1jfvg8T,601
1GkN8wYjxEjsoGy6s5yekqjNevsg1dkpuF,252
137uMAhNnqMiiRYhbs1KaNGVpvwznnfk9r,46
1DZgVzBvjmipf6skuNUmrwQvb4zVdrfiyM,602
1EgCi32XivF1fE44JzCAFnTNDL4Uq5ahij,247
13pBFpifSfoQ4dcVXkpGK2P9H2Unv72tDq,252
1DNFJNo9iNhFj5uTb53rivf2k3eESm7kQB,603
1NgQoUrxQbEXCDDqx4MCoLs5PDvcnGFuXU,252
1N868nY6RdjZmXY8iAQBHZc8Mfhiv28T9Q,604
14jy9sqZJMaUGr6n9Gi8KhYJ9Rhozkdkbe,605
13LwLV141sJ16tDqXBUpkVGXW7HdroK2GM,33
1Cpd9cUAQtTGC86Dh96TjZcw2gUZFwDqR8,252
13a57B6gUNmAaW7jXXNoPFBtZCwqpbeR98,606
1FzG9PZSu8XUk5nKkpt23qZDWTq6vd9DTV,33
13nMmGMZKo2rnPCpGDqKuzZ7VJyZXwUSAz,252
121Rz8UsHF3xzF8EX6Tt7KzB2Un1dVGc8Z,199
1C1a82oN9skw2fHTEY6zqrQdJk1m34ZMY8,607
1K6KPWudss9ZLNeFSHm5h2A5jXUXtcMjau,608
1PR86seC7zHwNDo9uY7ZuwfrUZNccVkjQp,254
15bwrGfbBNUEG5NACdRGm6153U3eqQc3fX,609
1AbJkC9zwhHypZKancpjekygw6DSPfssiR,610
1DpsR91YmHUDTtiuH1pPCuG3RqAkmg6YKB,3
15pnJo6LNSmF4p7gwVn6vRcGuhMAf4JVq5,611
1ATZhBgd5scMnkkF8zvFSxx6DPqNCVVS8u,612
18PbUw5SccTyVV8MYoXF7Ts5z3EWs7wnVe,613
1HELGS3vePPrEYC2HCpAu3qXGTfX5xgyR9,80
1CcpQWUmBaxDSevViVdoLnUUEiAMQ3PXkb,614
12KwxERknCRfnGuC9GAhSPfUqQSBTxwcWr,252
1DuEuc7mRcu1vo85bzqhLDU86kBKrbLge2,615
1GRt74PPEa7eNDfWN91jyucDXn6L6NpCet,159
15DSApeapwyZp22U7NWAWQ6KUw9qJFSQcc,252
1K6U6tMFsobXn9Z33HQcUjkUP3sFXH7MSA,107
1DDk3Hf1UrPomSzb2BN2Ms11oh25ygxmQa,616
123bkG2pfbiNZ9Jj4wRZME3DuR8iSqsz97,7
1Asv5nvErVQcnwHixPPQTeb5pLKJ1q8P3c,617
1K5Mbr5iGQ6u4Xhb5PvS1qjNRiME9QJQ44,618
1Ej1vtomZfFtyg3yE8PAKysWmqbv5RtrsB,252
1Njqa4hAh5b3Gz6DJND8fk2vWzwdBYckTh,619
1Lv7ZXrKqmctxoKTrAwKJUQmfUpG2hiRRr,620
1A6Gu56NWQHrhdG64Dd8gDw4FN7KscyALE,13
18bTsPo4SxnoSoMRHVchGeJuTLie7zQmWW,252
1Ksaexv2szGBFFi7p3dacWMtUo2rC4s6ae,147
16wPUxzKjRSnNmXFeZQSLgPnyKnp8sQMQ5,221
1Bet32kBtZzXViMs1PQHninHs4LADhCwtB,259
1BsSFkpQeTQhcxsCkTmhRqSdZwm4oVejUv,621
1LvpVmCiBe848S7ywpmhe6yqZBTzEtg5kP,20
132hojjF3USBFtFBeCZeoquGQyVLf7JzKw,622
1FYayDmyJmukYsrAxFJmn2nZesK2NGpaQS,8
1L3XAkerXZhTBq1pznngKFsHqpXz7om4os,623
13HFqPr9Ceh2aBvcjxNdUycHuFG7PReGH4,3
159GZsBF8VhAKXqK2DPcMzsVCZxrKoi7yZ,624
13NSVgTFaRgeHb7sMmy7JYb3KRGZ3hp5bp,625
16hZmcUy3C9egcwFh7A2P1aZJc5cDb8b2y,626
1KivxBTh2mwo5iXYbWwbFojy2XLEfTjzte,203
1CJSzkVp1a33WLWTFLmnQrW4QA7wQrdNmp,24
1FVdH9FADpB8oPKDk3vsrDDe1WmuDFTmnf,627
1NdBBSX6b1cCRkqFnUuW3uDFdFrZRjr8og,628
171YprZ2K7zwoyvNbZsMPsXA9uVo4s3ZWS,629
17RbtBpU9WqBWA69NEWPxeK3mABKrbW97G,142
14yNxFYeBXR4F8UVfEj2psPjZHbWNwu59a,252
1Mw6vExr8uppzoGCTqKiCe5Qmteu3SJxm9,41
1PSXH9LsrsA22aEusysc7PRfERQqAV7Lus,630
19JJsccSwUi2nacCCC1sqJr6ca9Ae6t6n2,237
1PSS5mNArjpefaC4AM6E1aMzbEyTp9NnT4,631
1oRVjhPakfRTGeXSXeanhi94AZdoPv4Jx,147
15d8PXtuKBLChkvCaCkM6JxfhiCxvu4QMm,177
1JjRPxAt2iakFM9n7T3Wa8eRAnbZY2XQmS,632
1AZHukNcQs8iLkGs5Q4vnARaBVnDRk1w2c,633
13gSUHFcCQHZ8StBU2ojdE8EsPVNzufnCe,634
1GSLKi4f4xPt7mt6z7vvzQExr32FeLbWyn,635
1E4NpNdoVb9bXgrv9CpmES6kP6Wapvnn9v,45
1Hmyaj3Wag9iRMPkNY8x1Wpf5n8UxWGocg,636
1GHEY9PputpUycTtiP559BSntdfTdUTcYM,252
1PSNErCZjrc2gU3rrvqFzgpvhBNxdCqVFv,147
1H1SGY9TQhzWHVd3yyYybWMXnyKyJW8yWj,637
123BWXAiTscHkbeLYtf21kBe8uzYP5rfcs,237
13StWrpkMLaNJL2FfkSfrSftdoE2DPFFQh,172
1Fvbi95rcCqCWg6cTb4YKWcZz63GunfxSL,638
15jwYirD3z46xydG6a4wPEprepBHGkHnPr,639
1CM5kuRXe58zZ8zSoDChbtA4ja422tueXr,640
1NxGJG1LSxqJ68wJUp8xeQx5vEABrHp4YX,641
1Pt2SiAxWkdEnJB8UsLB5xK1WMKxjCxGyq,642
1562T6v5yyUPJrZXzrTqY9BCtYdfXimTCQ,200
1FRa83NpZ9gEJcDZ3TSQs3Gn7AkSdhKLgJ,643
1E1PkB4dPbfegnkumU6iovU3uR9yt9r3Yn,56
17QiLdGfSFdQ4hMxvre7ScGTfxpJonWinH,252
1LYihusiJ3Q9jVN1bxYAmUpdLdEBriocVR,252
1Da77kgCRna3DRZy5ZEEYQ7aHQrZDECfuV,252
12V4cvtkwbyBx6TJ2BAGD6NDWW2z4zc32u,28
1Bbpvk2aS63H24TH2JPuzssPaFU9NmrGVy,644
19yKNRLsRwVmwuu2rNLH6QyonLsWvL3hPe,645
1KuQFSLmch5djtpi6iAKQTxURp86oiYgnZ,646
1MTPUniBGG9k1gVxS3xFf1FftZhJdaF7gY,147
1FXeVzTqdBT68LCTLbSEjmcb6xNrpci2Mb,147
1JMDNYUB1dmbYiYcAw29XofjSoZmz9NtbE,244
1AQk6o1C85STt8o9wbkRtDskBHZYfePTTK,647
12HgJe98bzzMg4BgBZZwraB3CYqd2WNupp,648
16boyeNjp6Npzq4cgt3Ke2wegKAz5bb3RD,649
1KHgFon8M7PFWGVR6wqh8UbN3X2V2TFWhV,252
1DXJBRTJGrmeJF9ujwwKSNK3fDUUQKjJvD,78
1AZc3v51X8BPg9AqxtbMzBhEYnLWSEM7sM,650
12JsdLfAUZ6a1i2CaoAZQHaspo7fUW5Kx4,651
1FDkfLGw48jXWJ1LptwgVaAmuKbAmxunKo,652
1LVyCNYvcrsGsr6UNwyNpBLWDTX78gD9Ni,252
1AARnM2qyPTipVfe5dk8XbxjS4r9uw4Npk,221
1J7Ab5Td8fhR1ct2RQcKCggXHuF3ZCmUe7,653
1EMCTNaSir8VrpakAovpXR4mz3Txu7BYw5,256
19dYArFwD5qMvbbUmYXCKzNor7LUqGTd2w,654
1JmYqXdLEi8p9fuDbjTyUjZNFeM19euNBQ,655
1Kh1QMAnd8MjF2QMEDaUuCyZ8jxfuoQLYT,656
1BfpMRLfVmnKXGsn3TAg4PDLiWR51QeFTC,657
1GMBrgSwXRnGfZLjv6mmBLAtCrCT8FK1PF,658
1N4hBP23suGidAyTaPg6vYbLarWRtoHUpN,89
1E4T9vZCXY8EGPn4UqA2CSxSKW3UZs1PTr,659
1Bet12kCPomyc35y5Lt99ZNnAr2pC66dqw,660
12q9WxEHybWqH4RU4ZDyYyw9YwSWmXNVaZ,661
1PDiyeKCxyWyeUHzR9gMfbf67cqqrjMxhh,662
15ikc5Ev8K2hq3nbmSd6EZS4MacJe851tW,91
1HpLWg3JSG7ALwKn4Kwhxzk5K2Xh52WKc3,252
135yxU3B3XFA2TkqBE4aXNSfmCpkoqEGpW,663
1JPf83wesoU9UKZwBEfWgQdCdQhLxy5prg,664
14F1DW5Ji1iga9qhAhjFEHvJJnyknN1sQR,665
195PK5k2wNG4WA5Gh4gWsXkRbNPB7uN2if,666
1DK6X9uKYYoCkAPZMJGW8VNaqh9MnFDSVe,94
19m37yjZpvRHQEsYbVS3RQp5QD1V7hQGDJ,667
17vKk4iyj7GMezMV6bk3LgextRyyLK4m88,95
1GmJiuTJCJT9JEaVq3HJiF97ZcFvPw3CQ9,668
13P8w1DhARqpsdNnXtytHcZPsuqCyy8u1y,252
12N4qMjG81uDzuMFrTE7mTvm56nUrLNcwy,98
15aukxi7UWaYafAMn8Xzey6VwPppqUFvhA,669
17BEkz7EJbFZAr7XnNDzEmEpanrduHtxbW,100
1NAwVJzfsBgbZxjAx11U9JNqDvGDPuX7N4,101
13HkNgGfdXgxQo8A56jaQNjxUkCytNxrhy,252
1Q3HnuBxSH13PFS9quan7HfERqMDdCdE4Z,105
1J1ov73SFk93RrLu8HhdATfT8Ph24Zfw75,670
14vKpRzFh8EmwfyvnXkv1Tf1tMVSkdbnHo,671
18Sb96FD1FE4tXqUGABbi2c981CBb5SFUS,672
1PwGYJ94USUnsD3smHxdVEsWgjMJEEoG43,673
1LPs4F9oN9ThZRmUe5SgJuY9Vroci99HY,111
186XaBt2pwKM9eq9GCaPjrFWvPbbQndcN3,674
1MZ8JHBpRCWTzCiUYGmqcWr839bFjoMbzm,675
12GKP26FKJBchtAyNiSJKdwxnvhhyh6h9C,676
18kZkxT5sV2dHCxBDoZc48RhHEFmKdVaGd,252
18VnoLp4ydphyCX1ahc74ySNsTeUiqxZD3,677
1CDFUQCtrLpVdZoB74f7TRbJZqha3fk52D,678
1zocLAV11Fq3W1C3revwVKLtLdtaMxFq1,679
1AedUwjCgW9MoiWQGXiTmB4dmThZBw3KbR,680
1DdaGYW1pUweQDdDSW276UZAjN8P6sEg6e,118
1HSi7vMUAP4mYZLzWE1WfvHjQ2sb2kmULK,188
1Q8dKNKS6ARcGAenddALgHHXy2ZFVg9ds5,235
1CrTqtQB66gmRpDJNTEz9tYW7yjMQk4iK8,681
1Ma6DXrreD7jVsdV2E84HyhAehHGhDstqp,237
181ZDRo8n2YsesTD3FUhMVz33f8NLZguB9,122
1Ktu44rM36TX2rFbDgZbPPtUPQCBRAvR4y,682
1Fpyq4n6dHM1xtZSrzmFUiY5bLCs9CuYXn,683
1E8qmHZVPzTSgop8y88AR2ddFxovyQY3A4,126
1ExwrSwz5x4EnRM7fZHaJj2iVAiyMhY5mb,200
1AdvKAXQHS6vTwA3d9rTn142PXkzWC3Q9M,684
1AAkAbSzUKoSy8S6zVK8h8mvYuMc1KJM8m,685
1MSzmVTBaaSpKDARK3VGvP8v7aCtwZ9zbw,3
1LAnTRJSi9wvcLQi9KpNFsNCzNsFNwG42k,686
1JQqZRd4cYJmG5zsCzFTZg2HLwHwPnS9V1,687
1D3YyegBa1HV2yzY4dSiWFdtY3M4YJi8uV,131
1JEUw4CSfRTn6S8NeFb46rkGvfSvyBpbUg,177
1Hj9ixaj8DUBWKUkvXUA4JGH7pP1rLCNJa,688
1EXx2KwyQc1FieGhmoxiqxkysWC9ovW4b8,133
13JBoPtPBg1GKvLrJkCK9euH62ZghBeaGs,689
1DdGEmxNFBUnUXFgDCd5tYZS8KHPEKhJ9W,134
1GiXP6DisGTY7GNchVkWawCdWwjfqJgxpr,135
1BQeym3dHwpehX1Nf9dmHzXZaLYqGALtz6,252
1JgzGaRnAxt1JNNeB8W677x7Xp5GqJL1ad,690
1NDiSmAc77DGcWuc2FZ56AdKEP1FSQRT4Q,691
16iZp3MzVea1rh5MEuAcLR2brgWYwqit3v,692
1NZeVjkAch63PzhhG1LUKHwu2AEWwoouce,693
14sqb3EngJK7p5FnXMUKiYFCgTRnL64QmV,694
1LU4dPnvTRHK1xcHarebKx2nktPLep9zka,695
1NsXWPMqQ55j3pzkfGYoDRhmwtaogNf4Nm,240
1EciMjDi9TtvtqPFyb2i3yMipZLVZFKap9,696
1MQqJK2r13hYZ1ta7seiRGtCY1P9W4E49J,697
1Mg35zdd1S7AuMK8DgKVZDgJUinMH4qgfU,252
17mZd8Rtqv12Tv4rh57X45LYBpsGhTbBiG,698
1Bg5veBRMWmi93HK26YQeFhZTyyrCAE91a,699
1JN2n11Q7jutRhWptaCeuF7wbmyhfwj5zu,32
1QJMbyR5SFaCKkouPPdRvHLTN3WzpbbYhj,700
12Cf6nCcRtKERh9cQm3Z29c9MWvQuFSxvT,3
14Tsfuqen4mQjSaYue7ssyHMA6MW1k5eD5,701
13NYXn6ckyUFHb7BVjUubwezaJQaDpurWa,32
1LzY9vJmkQfhjoeuUkg5oLGFC5kBpES4Re,18
17B7LXV4PP3oduBpr2Bexe1xLyRHRqYn74,152
1G6rZnUiEjVgQRSv6Z57o7PtnRfdiaYdPi,153
1JEqkz9WK7arTXDNbvkRaJrrrtMeQHc1kR,207
1C9VQfotDDp4CsEGPeVFzKUoE7aFT8BPP3,154
12PgPWDW8A8yqjUaA1UjGPD3vBBFynpebY,252
1DMsdtrRzrpMYXoH1eCmVPfrZb42Yq6uBx,702
18RgBgvCYpXg3RrST6S4C1PZxaqp9i6pNL,157
1HuLA2Gh6jcF14RmTiDogQGTwy4CLZZruw,703
126SUVqncDaejzdvYjFiEWtGcLML9su3GD,160
14PE6YJgeDnwH68vn16ZPpMZAMX2vmM1C5,161
1DaSJrca4KnV2YERfgwLFvB6kZXTgzz8cm,137
16APNkdeHRPaXekHw8WhtiQi6ZCVUy59ej,31
16dVTiDKhSCsx5NJMZk2FxxLTmotj48uHh,704
1DMy9empJiQVKJJRRMpasUGjFASHBjT1wZ,164
13qmKZEbiVFczAxx6chY1jipfQjzvWtXKK,705
15U25wwTonBE5tAmmmXwp4e8mMoLtMt3cV,706
1D5V4XJUxQPgDwsJ4b7J61nZUxKToXfJPA,170
1EFKhHJBsePJ5ACvDtTYRer8q6AYaUPQCh,707
1Di2Ed9Mmn7XAcfT4WUe2vBTnMyRZnrhbC,708
19E3Q2627V6jVyaYxEKR7aWPf9o7kLNinm,252
188Ny8LziP5dkrZqqcsN7u5ciWnBPYeEyz,25
1PsBG7Yxu3rynHVBGknj2wX6TXT7Wsdvv5,709
1ARTjBnQohEKu4htE1ZyRn9KwMPyjkLxy5,40
1MgwtKqBiebA6G94gcx7527QCfUzkawhDU,179
1EvC235KduSYUz676iGhenP8NinMrz1SGT,710
1F8pbpuw3fF6Tcue6X6QeeNokm7bdvKTqu,711
1CTjrH5zQNXe3asgDzkQTggSFxBhXApNfi,712
13AyzbHcQdLUBjmPMBE8M7wkpiubqp36PA,127
12apdTmkHFHEQJcG7S8DHebCSTBkn9xKtm,244
1CzLEq2N5A5JEJCoHiZ6y26raJ8RPQFJCz,713
16CCCWk4AAFcHwYpWLQsVd7brdw42wYSrF,137
1LR9o4pC7WufrVsbEnQ7o46zizFv2zYYD,252
12hfjxKv3kuFdgBvuGVs4eq5MivwAp9JFx,31
1DkNT5MznE5MtFAbPbQwTgQMqGLqCsuZFq,714
1PFyWyBapoo5P4fCuTeJwccTRyGMjgoWHb,252
17E4mMMyJ15uMRLFPofBJj6QbHwRj9EKTa,145
1HzSYMcfb6xobL35wffM2THuba2LETz67e,715
1Nv1niRtnDVQ7afhhLpsyj81JdRT4U5RWK,716
1Bet6okTDPYGHZ9ukKf2FFSc5EjRoFipTD,44
19vMt2MVrw1YzCJ9UeJZbHaEngYwjUTLq2,717
1AeJRbbsDgyeeF16zrQt8WyxwDBgUwNyH8,718
16NTorhcZLnDCbGx5zy14kiF6RWstB2ySR,250
1Fwo7MH7eTE4WqsFKSneyTWL119jzj6CUW,719
1KhGDK8MPYEiWPM9YCmwvibJH697peVBNt,205
1HhYTv8hgYFs9B5UhkcSQELKeSzaYfFLAw,252
1G6H7WATNoxggV4E4ZTMhEzcRRMMm1utpb,28
1KSny4fQh7arya5pcN3RkCNGpzvpf2i1YD,252
12mHS7up2CoyWYzBAaQR6EeXSRqyRsKBpB,720
1KDFzwgPsYDezjS6k751QUn5KBwcHrYqUD,721
1changemCPo732F6oYUyhbyGtFcNVjprq,22
13NJtyz8vphsnCeXDQuCyQinc7JuDFwCwe,40
148GKS81V9vYVTStYgQ7mZ6dsLKUrP4dgr,722
1diceDCd27Cc22HV3qPNZKwGnZ8QwhLTc,3
16esCEEqaqofwDDuBr7VJJ2uH899CvvH2q,144
1Dz5eQdFJrWwWWtQb9DabkfK5c3KUzWgmH,723
1JVjc3b3o982gLHtgi78pha9kPMrjG13NB,724
1EN7VJBfuAQFeuLtUKEa77fG3RJqpMh7hE,211
1PihhuyVVadrryYkcn9p98HwR1XM7Hgzf2,725
1KU8UMzpQvhZAte3sZaPdzH7nwapsLmam4,252
1BYhrsbHe57tWXgGYJkNswQLdiAXE6QxWv,726
16YrUEsdHJdj228LqqNkNaPHKz1EkDUVEA,216
1Pnmsr4xYGTAJhq6nHVVqoUrKcCb32HiVZ,727
1dicec9k7KpmQaA8Uc8aCCxfWnwEWzpXE,3
15pvvcQWjpF9Nkuc2acfNrFGpqjaiwgaJG,728
1CfKHYatv3cuJV2ZtJGMKFFr5egx61U3gv,729
1Mqhmzbe4svnsMZ3ygJFbtkE2T1HwLT6kq,730
1LUCnGTuk2qA8Lb9TXkdSxiixaNDZFLjBx,731
1LQrkayPRL87oicNpbHM6NsbVgXH64MBCg,732
18XTNquuMZToJLM3sa7nRqkNh3UheRsGfr,733
1BHmkU8wGKU8urnJULnxJYLxB3WiCQN79h,224
1JacfpxwhMHfConVnrHDyYbkejnaLcGZyf,67
1DeoKugJkoo2hrzyZNdrsXumVLDoy4tgx8,225
1awTTfCAiBEB9fS6TU8jSXk5gLuKzKnQg,734
1KbBL3SEQh5wAa7xdYE1fkTB331JPK7d5b,735
1LCQpLBuRvz7McYa1D7aSMyA3JbAnxhXhM,252
1BgGawDyhc9acFQ4PTbBSwPpsUqkJ8HgW4,736
1Hm4jBBwYgL9LLwPRPsybMRyoVQU4318rP,227
15Fciy2atknh9aYWk3evRPcPhadH4nPPHS,228
1PKxWUDhFNt3tnvtWyrGWhNiFKQBC7rjwx,737
15XchvZg6HVWSqNcSZjZ6uU4kFoctJweSk,738
1E6sffLi37mxTEJub9n3AgZvMkvS1kLh9U,739
1D5H4GSdxJ8BCuugFhHpVyeBVKZVEP2Gez,740
1Bet32qgNHQGtxPCFMzn8kvuuaPiTB14AL,238
15KbT5Zu1KLjovvUyyJb9WsHjfwZV6pNrb,741
1EvzBhVJ1zSiECF3YnL9vKds1VFyHXKoLm,742
1JbbS34ACBFybKZ2iNtVsxaoSoZ2f2ffot,252
1P7RYcbsje4XprcZDteGz269MJqnHJvTsZ,252
13Rr92fGnaAQFgVf5A3Af7BpVrQb6rYVZH,743
1CeUSaWrXS5T6UY9xxgjin4zyQSafKGPD4,744
1QJbQZii9vYQLCbXGS6Gyn3sCjWzg3Vk5S,2
19TshT6UiWdZ1yvb2ceGZhq2H2ksEtqUDL,252
1MFTm4H3AMByVZ7sxqtwrZXmy8qDQ73Ne2,745
1KSZvMSNa6TxAPJapzE4D7AyzUX5mgKR6y,248
15jdMPJtNuUepqQTfyy8dYfUU7pPUiSUab,746
16ekrj3upRfmvpt6ot3uAJD2aKt7m6pfdT,8
1FkjW8sAdV11x3sgdYariAB29kWfSwQNjY,252
1P6XNZtjQDjxgxF3z2o4YTqTPUtZ4uQQQE,252
1LFsJYE8WuDECoyVRadEDdt4c4VYVLVhts,747
1FLxcZkxzmkbHbsErikrjuYkpL1v9tzabm,748
1CMUcWZZy3gTtZGf9nqojVxb5avyRY434v,87
16q3PvCcChV9ztk53efopAVbHmmRRrnb2q,749
1CSVrJ8q5btH3iRyvtN3mrfc6aJjPsiW9y,252
16uKBnj18JnVnfa77Bmmcr5PSn9TCyaUme,750
1HgmXmNqDPFLjhwpaE4j9kHcJTk5oJn5ux,751
13h1DP2Boo9TAsenphroACxhNy7pGxDYXd,3
17aaLzzeTexP744tMpenct9eHm2du7cN35,752
1BnXypBuHnyV1JpYqFAceN8BX5S2q7WhBr,753
1CP24y9HtxzZcmQxGFG815pDuGGFurqoLP,754
1HCCxFnuc7ueHpy8EJzu7g7Xb46mfGLrYT,252
1KdQWD6iJGbXJvZZ7ywo3vNLoJNGH8mV1i,251
1Kf8KaZwVFxHvfFmwP66rbwfds68omDMxW,33
1EuPhbrua7KTdbRB9PKFXoWYauopvyjxJG,755
1DaPUwBzpEcFjVeEpuqWxP34eyZrTGXMat,6
1Gqiak8XXcm6kLvQ8crapRHTm1rVy6csHS,188
1Dipgv8wjN7kzCyWPAyvXgsNcsw67h8Urt,252
1HSJUNaLaXE1kDZXjNoF2EQSoz6GwJ6584,756
1Htw6XvAo23s1YW3G2FrdwfUdQ44xqQrJa,255
1eFat4YNmme8ZGk3T4wrXJJyd8fhhCHRC,757
16gX6fGKA9UTfjRkihJrNfY34BYL7a8LKu,758
1Bqsz4j9KoDQWfeYhrbsgXmW6NcNUxx8cj,759
1PQEhqTd6RecFMbmZtiAifu5SqsY1pNk5U,257
15kPjexh3RF7UsndeRK6zrgpEd3rVzrTki,258
15UzxGQGsRAtHz6quuoisVjb58s3grNt61,760
1JRGk2dcZwZPoqTPVPMmeJssLSEXJ2WR7g,137
16JFWyWYMxQnEKmVk3dxb8ie6psyzoR88E,252
1Ge466BuydeN942P58gTNPToMdPgogw558,761
1JWDvnhLTrNqJ5HPCkwmFKrLUhJW8viaFh,762
1RRax2z5Zoj8ZRTnVgPNyyJixVSp6zBQn,763
1BUezA8YELDT7PcXCiAScJWNALcmVieVQ3,252
12NTpSqzBEmyg9cAThEtFiGPx7vWxDTDiE,764
1BtosJRhK4rNha2k4VUG3yrtyqe7Gw4aE2,765
1GNJpRWDPYUJa7PjbTDGNHt8j7Qs9Uvuw3,252
1Wa3AGHqFSZMdNuE6USz21GdbtWMAZDpo,766
1Lg8dQFjeARsvHS8TWRGRk3KtsmWy5RzTA,14
1P6WX7eJYM1ucifoncHiBhdhTBo1CH13dN,767
13nrC85Fs9ERyxJLADc5t8HP21Yd4cnMkD,768
1KQy7G3zJhcvPNr6LPdrE5S528YvK4akWt,33
12C39pLn8priqvSoWKqyv91QJkG2hqkarf,769
1DT3FCKQ4iAtRmDqU231j1ZTgP93n6cbvk,770
12MJAYL4H2Wou9nK8hKpi5EMTypfxqgQyc,127
1BvaAkqTReHtFXbF5YaCUFL2DkMP3z4Q2u,771
1mXYfM8gAte9UNw29KTxNTiLzUQKBtDtD,252
1HA6PpcX9Ukp3YtpxG4gp6zDHr4P6pe8RL,772
17mYerFqKMYeNzJjcrkyfecuLXzBGLj2yc,773
16qPanb4wnMs57Es9qQqoTcBNcp2u3j5zg,23
16Gi5SBvQMRW6K3dJb1T5gfD4wyaoB2gP7,774
12zFJr5ZXHy7Ds7DGB87djYZjj1spdBNg5,775
1rmZrKGtq6e5Uw5oVQVNkxJqeeQzDsUcn,27
1JookyqX5PiNEbiSbMSrUsu9vPyJajJtya,252
1DrGSDE9cv5UZKk931tmgvR9XC3gYRih45,776
1HBKbYR3999hziN5hAsfugYgG3HdhXrgH,777
1KyfEYsXgTTHkg9aCkf5yeXCtfxe1vdsMa,261
1FKFyZwJNfodQTPcS2XLHNcxYtGzxa9GBs,778
14G4xQCxTEgLTdRYXuDoh7hwsQbdSWuUzF,162
1D2rtH3duumErDmSnF14UF4C2LoRVPKcNH,779
17eQemMrnZXkPkr3PMtM5NMC16GYdTxTS8,30
1MKZP52DoTyassZvGJWW3ebJVGBV44QBrb,780
1FyaBhKtF26frZM185G72gnwWsxLrrsphu,35
1GN8d7vV2umXcciTdH2JQn2JGvuFUsVj5z,781
1EjqxX82tnPh7nVCkaH9iRKRq7u9HYvWUr,782
1A16KvaY5htXaJzRyWg5tvgfUP4FcWy7Vn,783
13psSGqA29WJ1xv96hmk5w4tkPrfkSgFFo,33
1GVkQbMkPYLVKXtvh8axZBYp7gaUPSPLRF,784
1H6ak17XKf7fTRKmXRMFqvHSF5XaU5dnAv,252
1BbcVV9aGP6HASbjmXPGY5ZU991zQvKYK4,38
17fqsJRtekR36DaGoEnc8oDUzT4q4cMHs8,233
166d7ksjDYH5B5xBkDGXmcGRbqFxjift1J,785
1Nou7m9JewAjvSu369WU7SwyJWMAi6HrN7,199
1B7XRfKE4XczP6i8ZSwioF8yFJnwb6MKaG,786
1fXwhb8arxkuy3u5hWPTkk49478jm8AM3,33
1HoW2TidroHCkmujvCWaksdr1XNRQEgwLJ,787
1FaMU2BRaCmqJsy35mfDfDpPmZ3UoL2xMJ,788
18gzNuDW9PTbtAXyNRK3vCmdcdbd1h1EKi,252
1BfG9TZNGUqnzdRZnmv89JxhMEq5Ca3RFU,789
1NkBzECN2G8vXEefrCx3RhT4EkSYDWPGgu,252
1EtEqqyCVoWAFwcrKUfC3YFzzPCHq7yui3,6
1buNJ5vJqrr6YiH9VMdMsJS7Z9P2XRtsB,252
183UTRd4msismthvczAbsyyWSPP315wmHP,252
19V3y33jFrdnLe5Y8MG25UFdt3uSGPqNWz,49
1GJh2hrvYXpQXXUynm2c8csFsNCPD72h9Z,790
1La7kaKQ9riSkVtZP8UReL8hjTcttaPV53,791
18jtN9RHvKi1B3zRar7iQFXu6u1dndN6P6,792
1BNEGQ2W1hcgqoMoKAj7GQVX9jHoj9MB3j,793
12DYfAxwQ4qwSsVnB2E3vedDZYEUWZ9G2b,36
1eMvThmkCrxUBCgGmJKUCjcso1qBPGjiZ,794
1BaBbRk6xgR7QpXe82C7fLTx6YG6bueb9W,795
18STXuQ5uwPLv8C8owKiobtJWuSBuMeK7Y,60
19ngqfukD7nPCUPc1UaV5mkxiPHPEe6ZxB,36
17x2EuvRmKAEuZa7H1jj8LR6svbF4mEmCy,256
1AHipBzscovvYTvRVhbTFQZmwJa5KnH3kT,796
1PUTJZSTKGSrZ5vFjExgV6x7RExP5x96YX,52
1NhPm3soCtruHuAPRBnLpaVimgpU1c9xBM,797
1HFtbK4j8bmXXTnT2iYEJmc9eSUuexfYLi,798
1AaDt7UZwoA3Vpex8saDwM8hXBHfQzCzgq,799
18gBcEZXUKwJ8YSH5e4S5saa4qrgRjtCi,800
1B3RtZ1xwezvhSRMUVuYZUzHC22Md6q556,57
1LXo6GdhtT6f62Hq5TDv7LmDCgmxihYm9h,801
1PKSx7EGKsaqhKWjN3VA8SwVvmWg85KiDt,802
1CA8kJ6cyJyMsaeScSJb1ZnEMySVUYbZx1,803
15ZCiiHpW7W5fwJgiavQHDm2kL84A4mTLE,256
1KhotcGLKpAMyTdWt2GkPyMnHHg6JJ4jsA,252
1Bet16kGTPwHKEbvNK4uQKtYC61Q4MHBst,62
1NJ3PBXyXzaqcW6vnt5dMnUEpUeehxNebJ,65
1L1h5h14XQWbj8bGXMi7WJAY61SCYLrZhA,804
121dgBGkwTjFDTZSnS7gfEuUzP88j5XV5k,66
1DFx2wLRMCrbyp4qftCmYDDkLjWRd5wr2m,33
189HFU3VDVRDWtZoCBmkxpVPaxyE11vCMT,120
1PfcX5Dy41tqxsGvH1mbuJ6SR9BXJ7x4qJ,805
1BF5i4R6UVE483ekDTm2YEP268EUWJnzEn,70
1Bet256HNReW1QqC3LTWgYMmpaVGFsZPTZ,71
18ku6g8Z9VrMjdcBMPmiXQ66ck1hPJuDBT,237
1Bet4kUEfCdJeAM7KJJfJTYa2a3Ydm8aAv,72
1Gx59wQjhF431Pj3HQG77Pd3T9XeqcmFcv,806
1LcnS61RwT7gbGQ5kVqADaCDqKhNVuvij6,165
13zVaDRkauWKcp96WJ7ebUQpyN7LLwkSco,252
15eAiVpbodFtEMqvCXmoeLF9xvmVWxeaxN,807
13ahnoQK2t6d3z7a91Qfhb49R6SCv6k6hN,252
1FarXXb2evU4J3ZHZFP8CXrj9ia5yr3Rjp,116
12RYNGiWhu84ZCAxCc26YevZ2JrCedxpXA,808
16sbeXpfuXY3MbAtNtdHavecaddjXkvMvE,809
1PkYAUVB5DAmE1jC7DA7AKpHJx7x4u79wa,810
13z9vgMd1xCLm5k3fzMkLPxWEQR5A8gi8U,811
15XNmqKLF7wAuoyBKJvFC2hD6Y9hRM52MH,82
1L924wAuHFeEgsKj2dr5LNQQqTErLWiA12,812
1P7Jp1pNwigSoaSRpdVHS6r8zVv6RKr3qn,813
1Ka4MEHNHuA4Fh1ZbfAi62EtzoRJ9Wb7no,814
18GMYPNy5eYpL2JXR4a5VNvAaCv5hjaJtH,85
1FAvwuivwietfxYN9jLCMCLAAygz5QwJtd,252
13Yp32R36hmKcJCafP1pJzsDoqqweXEdw2,815
1MetzCUjpS5k62WoDr2jLZaFKRAVnWcPGr,816
1AQxZaQpXbzt78N7bu3xuZdtuNNvCsMqHE,817
19q6Sb7pJbVaYDCxkbmVcCwRVVkTkikB9r,818
1ATwXQTFHaWR83457AzXpDj8KNCP5eo9Sz,252
1Mm5MAjY2TFJ8phgfhxAJyrTqw6mpgCwdR,819
14WJV9TKV7wEZfkc35czVwBGkD8o1YFcKj,820
1KEJ4yuYr21CGzAt9f74LoHX61w5FiZHyD,261
1rKBHFuNhLhuyFmrEJ3jjVkmn6Php4PpQ,821
1JXnkvqoufgPbdkVGtppvkxEFKzLmVm5yc,147
1Ke4LSNbJNgAoJzp9u1ocFwJN4Tuc1H981,822
1CmkQz5vuNrwtBfWz5umKnExEfoLdWdygb,823
14CTtUmfPar5WGodU6SARiS4JPjts1ByRe,53
1LJ9FEaehWAoFJh15wpSdA2xMsPDGNYHsj,824
11Fy445oXLUtsPkGGNVMyShkX4rStzpZz,25
1CX4UEEnu8JAGwMi8qcdeaeJ1JByWxJur2,825
19TMdKUtYeULziocqKWru5Zd8JuVJQd1mK,826
1MBqfWcrPhyUVTZF7V5c2ngdggUZb1MdyC,147
1Bd5wrFxHYRkk4UCFttcPNMYzqJnQKfXUE,3
1P5whBuGree9Ckj5oNt97X1aPGnBeC6dpk,827
1DP3KRd8fEZ2kmz6vYbvAJYHwr6Gj9RrWP,103
1HVpyjYEPwQhvRQ3dL8tGe9kiydti616sX,3
1AJgnNocBFXoQ5V6Ecp7EgNsxeB71SE3e3,828
185z4YEaxcrLjUXj1qeiuMyiUsaMQoFBih,829
14GHCqE67AnhA6rv6fSM4eBruG15BY6hRC,191
1bz6ntMP9aaCooT89cHd44hgHqXDawYfQ,830
17W2c3oN3TyrDcQwvW1dkL6gUpaRWRmo7c,831
1EY7vyhBTh1eAW59NJBCDmqi8VkoS9tMDb,832
1JjW3gHDESmVfaszN8jy1bHZHbpEyY1wEZ,107
1EJLqQYvuGde6cugWtCdsU3mTe5x2X85yQ,833
1FCwde3iTTcu9Je7D1ZLXwiw5o8We8UiTS,252
13okhDc7PzWEB8kv35kdxKwJLxC4ofyeiA,834
1DYwtMYPQyGNb5rwjEigGbYbqrhyYtwZiY,835
1JXqcVwcL81tPbRsexX49pAv638kfvrGko,836
1BWB62oaFNZf1xPR7BYqdioog4LJof1uM9,837
1Q3DsFHvFQct1Dgd2i4sfou1HiYCKyeBtD,838
1NCL5SFihnCJTtwVDvPShkYALagV87wVxb,261
1LahNtw4J3mVEcx4MfhGyTUV56ZbRBg8VB,839
14Cp7bHUR28Gtov31xuUSh9kRUXbEsGgvU,178
1Cyy28eUthJZuFboeDa79azauJSAyC5VfG,840
19qvNAQQpzUYemDuug6BgTN3xhxbGJpFF4,841
1LU3SPTsFSQD3MoVKwL3yBjKEQ9idkwTBw,842
12xoWSbeTHPed6kbHQtzMXJHb3jU2SHa3Y,843
1HaH1iQnGf9nYMDWTG6w3H6Mxo7dubfYf5,252
1DwqRe3EX4TPuRrxJqYK1yEDFrJECrpEoJ,252
17WrF6MRKWicJzALxdWNpgsDbDZYoDWqUJ,844
1LwGvqZnwF4rTVHt3gyK1LWD4nqbKT2NgP,845
1LbwK6RVceHnYSBXqLQbZPA2c8amwpX4ee,846
14EsfXNegoejMfnmYdd23EbwbMmdzyjo3i,847
14HGU6f87PVnHuvru7F7gpADZW7HULMLc9,252
1Myid8278JUbzFMHSX9VEx1btmUiABJkfY,848
1E36zW271MX9DTK7aR93JWaSRQW8NR2mcB,252
1AVVc4zA3uQVpKGtsDy631k6WeTD4mFiZE,207
1FtmM8q5VTPVsMXuuWL4DkUNyPSoqz7CA5,129
1C7AhCtaZfUGajFi9RPdHKXZVhXVj4979u,172
17dGNDXsAAzZYmQ5TUoC5Hfv9NBDApU3XX,93
1DugMwUthCwaNistSugPC6PANZ5TsME3WX,849
16KEpgpnvSffA8jyTXrb8VdwMjrXthUuMA,850
1GVzfYjttuHLsfpZKt7Q4Xbw48WDZPNfni,851
16DuDkvyYPkKGVzCcVqSYYsbaDkZ7PkpYy,6
12PjoFt9JLNssBSqke72ARNo3JHMyKWdyz,252
1AkWioJwyAB3Ynik1gawvmyZQw4QPtraYe,237
1NSims4U54yg9QqSqUDjn4CUnMh48wB6sW,852
1Ab8R99LacpzbSZxwgUvSA7du7igazYi6m,143
15hkYrdBK9BGegtAzXwfJmQcYMWE2kjcM5,853
1dice7EYzJag7SxkdKXLr8Jn14WUb3Cf1,3
12VqRL4qPJ6Gs5V35giHZmbgbHfLxZtYyA,854
17HLWq1S7JwpT3qHLLNFic83SqtH8XDduU,855
1372Cetmr6CCz3998r4tWadQkH7bDS2fX9,856
1CuChJF8VtHsoQ2bmVeKBS7yEczdms2iJW,146
1NvqMRbB4nPFanYb6cA35sNpKzKS8WMWAA,857
1LSKDadEWWjy4sEBNYhaR75GAAyWNEvgP7,858
1NpzmF8b5turYXz3FQLrJuRnVKbrVsFLqN,137
14ApZp7NAsXKM56oxfBVmVWAq4JqV7ZGeW,252
19pbtdnnZfVVrSW1HcnKafSweXBggCo4T8,859
13V3L7uBkAhcMq9A68oVnW1n9fiWmjT4Do,860
15t3AFA9HxycFgA17yn8BbLqXCeyLpunNQ,861
1DRraPxN24rT5rKcgvHRyUmV3H4jb8vdDE,862
18Ty1oQAtWwHTqgUb76ZyYbMs3YoBf42vi,155
1dice1e6pdhLzzWQq7yMidf6j8eAg7pkY,156
14yphVSgMMQhvDELoFUz4yZGDmKceimjq7,252
1JhS37gCkhyLQBYdyoSvP1CQ5wt2kEDdZn,863
13X8xULC36eUxtmRmLd6VKUSM4vTdgXdB1,29
1MJd7Vtj4gmTDrj6oHDANV3PCzqZKZdpjc,864
17LGWq8y3ctqbx4qCmwPDC9Qk6QgRq7eF2,865
1K3HoausMxzWs3m1yyHRj3CuQgwtr1EKrV,866
1BBaygQkArpk1XnL7YBwKQzjxyieqMVay2,191
15Q5UNvgJ6wqCGkrTEZ1Cn2g4whcyyfWY7,867
1KATYaYCo49yTDLVtnLQrG3dcX5FUMmy9z,868
1CxxrLVP9AxCfr149phqf4WijbnLcUh19K,869
12dg5wdzJyTFS2bnjz67i3wdYyfcN1Wh9e,870
14622F9MGMuvoiKevx2aCBwQVoECyyW7nq,871
1RMWndnnXkXfFzKdE5Ae6CfVgacP1ziCG,25
1CYAysyqZPFMThgC14aKNvyFLpCLUFPi4e,166
1NDpZ2wyFekVezssSXv2tmQgmxcoHMUJ7u,3
1C3gvUNzh6Xp3epuyy4RNHizP9NcYYdLyr,872
1FQ8G2PSJziFBanMYSccZM5vHLrsAaA6Dr,128
1HgYgSFPN9F2wEacpkTzZxDoSRz7ZHLEhH,252
17V5aQPkiSDTVUrDE3gAfAev8gobP6Zey5,252
1MVMqQ8HdL3oWxieE7hVtXQcT18mzqXVgK,873
19SNpck79sR8WwJ5EKjcpY2njaAPF9mMR8,874
13J2ZrS79jraHCJCbruDR5aATkF4MS6V3x,875
1BMjrZ9MQucDPdZr3RgqTbAPmU7dkCFn2K,174
1DkNDkZVsPehHyeFkbRbHh3M9pb3EqUnsG,876
1QtM5VVA5xAjkorQZcRUbMv7mQqQhFA1G,877
1JKU4tX8daWK75Do4N646vg7BtAwpbf3hD,878
1ExE3QzCu3v9qUufdVj4L9X5cbBXBMSgCV,879
112cMKYqtKd9DoTHfVtzZTG3ZpC1jdE5rS,880
19v6EeXAKKoot7upde83f7JGT2eqFKqRUG,261
1B8Vpm9n1MyYbTU4rRd8kHVUvpn584xZDg,881
19AMdghvKevYkuUCJU28Xx3MpsRmzxBLbG,181
13trXrjG26MKBgrWNMxGQk885QwdCnRh9A,882
13XadiFEeibLeAggwh6qFZ2CtLYcNUKsua,883
1Fz9W5b4qogcsjyLv37DPg9huarb3scZAR,884
15unoRLTypTXhM9xHav4wx7aY558YhZDfY,885
19fJSM92HPthgwQcJykLQ4ohoDBNeF1vBo,183
1Gb6ffNLj3Bpkkao7xu6k6xtFA4mwRganL,116
1Bqm5MDo82m1FTxV3qYNUUEKnESPRhk9jd,3
18ZgwX8bX7YsrYGBnETfKfJg7yLnYDSiaV,185
1Bavah4Qhjn9Y1FfCams3cLnJ2LQBLB5Ay,252
17WHv6zMWp7w5NJwzPqQgntMEPgJqZK4y8,186
1JmCvsUVSCWxLYkDDb5G1ZeXUJS3uaTpgD,886
1AjjqfcGXmDtk2RxzFVa1iBEteBWzNxmU6,6
1GHnLZ2kg6vKvWMzApBn2QEPdxN77odpVE,53
1BgkkgsRBvwHf1yTNZRojJKDz4uZJ7Bc3d,887
1HehNnVKSnCPDs5PhXiJdffFvdoZTc9YyY,252
1FuVp7GW8Xyb5Qq5T9MZUqKV3URTDDVDTM,888
1D44VXoJxRfcsLScwWNb7cTNocyxWgFoqF,889
1M16cJkSM54mBFKHeDxgpd4Uj5oKhWvV4Y,890
1HZHBnH2FbHNWieMxAh4xBPfgfuxW15UPt,3
1A8rjGP2bDkkcsgdi9G62RgwVMW6mRzJxj,891
1488j2w3HWz8ue7ncXYBaJ3xEoSuENjUkm,120
1PgSdmzvXa9Y4DrhBhx198ViCpR7CcM97F,192
16jj4ZFWwNmaDb9iSpzcaX6CrKWQP6bPu1,252
1PfuWyGd7yKf7Xm693wuA3bmUfCvGeb5Y,193
16dmZF7KdzeymQJ4W1YeseVK2UuzrSPTeM,252
1GJfGTQmwW1jT88JWc1KcDn3vL6VrPCTwi,194
1CUKUK75iq35aAeiyxZP2FRpFtY4ZhsEZK,892
1ENtsDFBrV11cKxo4kAT9PEuxrurVfffnB,90
1JALocgs58d1ws8UbYeEyfVxPGpqciMamq,893
1GCpT21hfBdQ1Xv78hM5MZigVqsmt1Qnzx,196
1AXy85Q3uxAsYmZL9GxhDfcE9xMYnQ2Rg1,197
1P244WapaedwF2j6xnbDNcT8fonvfZcj7D,198
1B714rR3MM6WCd5TP4gGbfowWAqzLVk1h,243
1B8mgZ2khKuoBTJutWf6mZ1XgtUoBYsEJJ,252
1PMY3rsk4xtrAwSrNHnZQBjNNeWz6mMSs1,33
13bZF2VQsEkSQYoYevogS33sD2jhpAqYt5,894
19EXT6tMY1ySpdabi5PtWYpFZ7ev8ZngLt,147
1EYnQx9vpKortrdJH3pcySKM1UJatvzcaj,202
1CsnnBLCiWtEHpbAk6Cp8Zt7hKMKvyu2Li,110
1EXHfTiMC9MnYyG9qWaBtQPrw4kbf3wHNh,895
19r9HN2uwmnNcg7dmyqMTReYJmH97kf2kf,896
18oQRdXgRLENizMGPVLDa2HpcveV6KhhAi,897
1JmcV7G3r8k7ev2EkS84MmsvxGyhiRGP84,3
198iwuZANG8r2ErjN1eQDZUFFy8gZqixeb,898
1By9TVBL8reXsN5QsSWvdeE8UwZPNdbb7F,188
198LfEoWdk32dSXCYtW8TFuEeCfLqXTkRx,899
19ij7Qbq3bUHTHoU1hXhRDnLdDW1mA7zD4,900
1M4rc9S8BgRgGpRr7VJQofRdAS2kFsde5c,120
1PTxmBWTFGmGfrjQyfM5UdmfL5jVa5wqKw,901
18JGk47WxMowDQc22xmKHKAeu8mHK7X8Ao,28
1QFqfZiZzfgZ16XwKuAnsPmtMX3UPiVRdi,213
19jY9yWDn4h3EbqjnKAe4S49NgzGRrgchU,217
1DnB2ycYzLhEanRNXBXABWQxghjxSvNpwW,219
1J9JYm6f2kRoC54dbTG8cVZPfTiKRfN8Lr,902
1Bet24kC9BqJeCbc27hkahoAsSVHLaYfLr,903
14NQ9y2CGCauEQxy4btS8SzixUnecmRYSU,222
1LibZwDVSyyK3dhZyzoKswDDVMAnMKufnV,904
1AxWoCZ63jFKWqQoWe9gdUbtuSyquNyL4z,905
12i4znBpDxiPrUEY4sDVhNgPfFxCpXm5Jp,906
1rb6SahCY1Fd3BgiHJJ6ELxispEUNCMQV,907
18113ia87VNtwy7gRXziggzmYGR8B63Teb,25
1A6bUEd6jYu3W2DwbevbctRVBEyayJdKn3,252
19j9AUpkxUz6WQMsbcG8uoQjSfuooV7cHj,908
1CM3NH68TvogPpX1FJQ8BuMKmjCSX9n6uT,909
1GwE26R1FVPGHqnUBDaAgdc5tBWQwYV7RK,910
1HpGnNNeBxVR2AU9sH1d6t475QWCPrxNVc,911
1L7AVeFnWGWzq8AX9CSxtkQqrvtmbv727t,912
1ACrstTCwu8G2ysZ3hny4Xnp2X281RxotD,175
135WNn2DGkVoPQoc3V3mxLy6a9wv27noTH,913
1D5EGhSmiudbmuNDW5YpjPF2u5NogvJmAR,914
1LN1YFgnXhPLKhmX8ywZDHwUWpMGfpxTr8,137
1518hd9fymCavsTesF7Fx3UScwRZrPkxf7,252
14mVVbU5qiXNnwrRBM5jgaTXQGn1kfgVyt,252
19oeo7pGoKhqwcMzEWtCwTWphZAzKdN5Xc,915
16HRvDe4UNYGRdMfzpkg57EWYRUiLnpqjN,234
1AdN2my8NxvGcisPGYeQTAKdWJuUzNkQxG,3
16evxiZBT4Tdem3YndAseo65hds95YttfQ,252
1K8TWxWjM7UzKdVqSmfNpSbKyS9ytTz5DT,916
15t6BRtTdHmMjiZqHsiwcHcgy4iznKejoJ,917
16VTPKA91cWu5xHuTsnNxjDwbYkN5WftLr,918
1A6yzokbamJzwQucwcY1KtHPVkGeR6QELm,252
1NcGAMAUcCJ8jBtpB2PhDqVwZFh9WwHZmu,252
14kzGQpnTiYEsVssp4E8SXWMP8ZLhgv2rL,919
1D2af2MfPdxHrqCayejxqb6kQaxAGhSQUT,920
1PrfbPaDmPUr2VeXXDgHojsW4sDf2LfbhF,19
1MznAJw1jn3XdSgTZGub63KnQ8MaPmpC1m,921
17vLYgiWmY5t5vWBsyiYFSXCTyrw9B5JZS,922
1GUqK2BXo3RbS58DaJbqxCgyr8qdZ4nBpA,176
1LqTd76JSPy2dgifPTmqQve175oFr1ymEd,923
1E29BT3Y1SKqebkBV57SDtr7nDkoSAgPEp,924
196XXw5nxNtGFBRfeNJ5aLUCxqZVZpD96y,245
1Mj2QySMq6y9yZiEJguVy9qZ5wR3YDZb6a,246
1FZYTDpjSLTp6mA3EFjQo8hivxR29wiMnM,925
14ChPPM8rPYJeHnw6kMVUDnNNKx1KnjYW4,3
17G5VZVpi6H9GR9XUWbupDEcYZJTDL97rX,926
1KsdB8s5VpnCGx12GQwpjnm7z2JpNo1JpX,927
1J1nGthGZ1QuDP1kd8tPNHwyS5ohqNwaxM,19
1L4EThM6x3Rd2PjNbs1U136FpMq4Gmo3fJ,3
1Ai6dHuSy1ZsmVawgQzhGnRm3Tw79pQNV6,252
1JX4kXyHA4RWEzuB9bQMjvxf94cPYcLBJP,928
14eLd8Xb6fxmhCqkn5rrsfhs42fPAwBZWV,929
1LvoW9DuqwD8cgDf4JfioH8PRxaGRdxret,930
12xjU3tnFDVGgwQKRPoZSZXJE9bPCHuBMq,931
1LtwXXcpm3DeHzKWtfgDVvDRDXcwbLHTg,932
15DVedjApBrEPna2t8gTSrL6n4wfFZ4dLu,933
1YHgeSV7FvvneQjUrq4kFXZwo7hgvomYr,934
1FLfK5c8VeZTDvgEriHsQfAevpAKhn9Atn,252
1MY9edYbXHumGka2GF1Z8w9avDmJ3L11YA,253
13QcFd9XF3eRSGnMXH2eoNCQjbfap7u99W,261
1FqMJ4gyBDQvDU2XhUwiRGTjoiUWSe4NJ3,935
19eGwuQTSrSWpssRw7W1gXJwCCBKUCps8p,936
1LmW9J8tLTTHXU8Ek2kD9ztdskQBWgJAtZ,937
1JitSJv7xj6iq6pPMmxo6iHTqGH4fQ8kTX,938
1Kpyo923cc4Hu7hv7zSzamK4ufTrRst8j6,252
15bJRdPrU437kf6VdaXmfQW6yrEfVFVd6B,939
1PgBEXiYF5wXn3jns4KW7Yu4posW4M3MpK,215
1MLAuSe5kuaWkk7wG1xM67T3Uu9XBj4iPb,940
1BDWyr4Qm6kFfCH6Hqw3Sr3ozzi99nb7nP,252
15m2N3NPipkNw2YRL9muuRLjWKWq5guVrT,941
12yLR1jQbe6oCMNGAZeeFJfVRwAdHo1nix,942
1Bet4FNnZsv1N3XCbW6wTTyVAS9RVUePpq,260
12SugGBCTTsLpGa7KhyfJMmnoP2332hLdC,252
1Dy8j6Bed1tfD3QNhYd31Ko8CtxU582PC7,943
1Q7G2nboGLcvMyrokcFoV6deyRjxKMWKJi,944
